Participant ID,time,watch_local_time,watch_local_date,watch_local_hour,time_of_day,is_daytime_watch,is_nighttime_watch,video_id,watched_title,clean_title,watch_action_prefix,watch_action_language_hint,url,donated_channel_title,donated_channel_url,donated_channel_id,metadata_title,metadata_channel,metadata_uploader,metadata_channel_id,analysis_channel_title,analysis_channel_id,duration_seconds,aspect_ratio,width,height,resolution,fps,shorts_metadata_available,is_short,is_long,is_short_by_metadata,view_count,like_count,comment_count,channel_follower_count,upload_date,metadata_timestamp,metadata_url,categories,tags,language,metadata_status,metadata_join_status,searched_for,has_search_history,seconds_since_prior_search,subscribed,has_subscription_history,has_metadata,has_duration,has_channel_id,metadata_error,generalized_error_msg,problematic_category,problematic_critical,problematic_assessment_label,is_problematic
Alma,2025-03-24 07:32:25.697000+00:00,2025-03-24 08:32:25.697000+01:00,2025-03-24,8,day,True,False,VID00000072,Watched Demo video 072,Demo video 072,Watched,English,https://www.youtube.com/watch?v=VID00000072,Demo channel 051,https://www.youtube.com/channel/UCDEMOCHANNEL00000051,UCDEMOCHANNEL00000051,Demo video 072,Demo channel 051,Demo channel 051,UCDEMOCHANNEL00000051,Demo channel 051,UCDEMOCHANNEL00000051,2349.0,1.78,1920.0,1080.0,1920x1080,30.0,True,False,True,False,71338.0,1019.0,176.0,6757.0,20200227,1582761600.0,https://www.youtube.com/watch?v=VID00000072,"[""Demo category""]","[""demo tag 057""]",en,ok,ok,False,True,,True,True,True,True,True,,No error,No error,,No error,False
Alma,2025-03-13 13:53:45.738000+00:00,2025-03-13 14:53:45.738000+01:00,2025-03-13,14,day,True,False,VID00000213,Watched Demo video 213,Demo video 213,Watched,English,https://www.youtube.com/watch?v=VID00000213,Demo channel 067,https://www.youtube.com/channel/UCDEMOCHANNEL00000067,UCDEMOCHANNEL00000067,Demo video 213,Demo channel 067,Demo channel 067,UCDEMOCHANNEL00000067,Demo channel 067,UCDEMOCHANNEL00000067,3004.0,1.78,1920.0,1080.0,1920x1080,30.0,True,False,True,False,213248.0,2974.0,521.0,18372.0,20200621,1592697600.0,https://www.youtube.com/watch?v=VID00000213,"[""Demo category""]","[""demo tag 172""]",en,ok,ok,True,True,2.0,True,True,True,True,True,,No error,No error,,No error,False
Alma,2025-02-04 21:01:38.803000+00:00,2025-02-04 22:01:38.803000+01:00,2025-02-04,22,day,True,False,VID00000051,Watched Demo video 051,Demo video 051,Watched,English,https://www.youtube.com/watch?v=VID00000051,Demo channel 081,https://www.youtube.com/channel/UCDEMOCHANNEL00000081,UCDEMOCHANNEL00000081,Demo video 051,Demo channel 081,Demo channel 081,UCDEMOCHANNEL00000081,Demo channel 081,UCDEMOCHANNEL00000081,1868.0,1.78,1920.0,1080.0,1920x1080,30.0,True,False,True,False,55296.0,798.0,137.0,5444.0,20200214,1581638400.0,https://www.youtube.com/watch?v=VID00000051,"[""Demo category""]","[""demo tag 044""]",en,ok,ok,False,True,,True,True,True,True,True,,No error,No error,,No error,False
Alma,2025-01-30 11:00:54.583000+00:00,2025-01-30 12:00:54.583000+01:00,2025-01-30,12,day,True,False,VID00000122,Watched Demo video 122,Demo video 122,Watched,English,https://www.youtube.com/watch?v=VID00000122,Demo channel 027,https://www.youtube.com/channel/UCDEMOCHANNEL00000027,UCDEMOCHANNEL00000027,Demo video 122,Demo channel 027,Demo channel 027,UCDEMOCHANNEL00000027,Demo channel 027,UCDEMOCHANNEL00000027,303.0,1.78,1920.0,1080.0,1920x1080,30.0,True,False,True,False,123166.0,1733.0,302.0,10999.0,20200409,1586390400.0,https://www.youtube.com/watch?v=VID00000122,"[""Demo category""]","[""demo tag 099""]",en,ok,ok,False,True,,True,True,True,True,True,,No error,No error,,No error,False
Alma,2024-12-13 07:07:08.189000+00:00,2024-12-13 08:07:08.189000+01:00,2024-12-13,8,day,True,False,VID00000157,Watched Demo video 157,Demo video 157,Watched,English,https://www.youtube.com/watch?v=VID00000157,Demo channel 137,https://www.youtube.com/channel/UCDEMOCHANNEL00000137,UCDEMOCHANNEL00000137,Demo video 157,Demo channel 137,Demo channel 137,UCDEMOCHANNEL00000137,Demo channel 137,UCDEMOCHANNEL00000137,1413.0,1.78,1920.0,1080.0,1920x1080,30.0,True,False,True,False,160186.0,2243.0,392.0,14029.0,20200509,1588982400.0,https://www.youtube.com/watch?v=VID00000157,"[""Demo category""]","[""demo tag 129""]",en,ok,ok,False,True,,True,True,True,True,True,,No error,No error,,No error,False
Alma,2024-11-18 21:16:12.824000+00:00,2024-11-18 22:16:12.824000+01:00,2024-11-18,22,day,True,False,VID00000264,Watched Demo video 264,Demo video 264,Watched,English,https://www.youtube.com/watch?v=VID00000264,Demo channel 105,https://www.youtube.com/channel/UCDEMOCHANNEL00000105,UCDEMOCHANNEL00000105,Demo video 264,Demo channel 105,Demo channel 105,UCDEMOCHANNEL00000105,Demo channel 105,UCDEMOCHANNEL00000105,1106.0,1.78,1920.0,1080.0,1920x1080,30.0,True,False,True,False,270012.0,3756.0,659.0,23018.0,20200806,1596672000.0,https://www.youtube.com/watch?v=VID00000264,"[""Demo category""]","[""demo tag 218""]",en,ok,ok,False,True,,True,True,True,True,True,,No error,No error,,No error,False
Alma,2024-11-18 11:53:00.638000+00:00,2024-11-18 12:53:00.638000+01:00,2024-11-18,12,day,True,False,VID00000233,Watched Demo video 233,Demo video 233,Watched,English,https://www.youtube.com/watch?v=VID00000233,Demo channel 007,https://www.youtube.com/channel/UCDEMOCHANNEL00000007,UCDEMOCHANNEL00000007,Demo video 233,Demo channel 007,Demo channel 007,UCDEMOCHANNEL00000007,Demo channel 007,UCDEMOCHANNEL00000007,3633.0,1.78,1920.0,1080.0,1920x1080,30.0,True,False,True,False,234226.0,3263.0,572.0,20089.0,20200708,1594166400.0,https://www.youtube.com/watch?v=VID00000233,"[""Demo category""]","[""demo tag 189""]",en,ok,ok,False,True,,True,True,True,True,True,,No error,No error,,No error,False
Alma,2024-11-18 11:39:28.361000+00:00,2024-11-18 12:39:28.361000+01:00,2024-11-18,12,day,True,False,VID00000110,Watched Demo video 110,Demo video 110,Watched,English,https://www.youtube.com/watch?v=VID00000110,Demo channel 007,https://www.youtube.com/channel/UCDEMOCHANNEL00000007,UCDEMOCHANNEL00000007,Demo video 110,Demo channel 007,Demo channel 007,UCDEMOCHANNEL00000007,Demo channel 007,UCDEMOCHANNEL00000007,3570.0,1.78,1920.0,1080.0,1920x1080,30.0,True,False,True,False,112060.0,1580.0,275.0,10090.0,20200331,1585612800.0,https://www.youtube.com/watch?v=VID00000110,"[""Demo category""]","[""demo tag 090""]",en,ok,ok,False,True,,True,True,True,True,True,,No error,No error,,No error,False
Alma,2024-11-10 11:16:26.506000+00:00,2024-11-10 12:16:26.506000+01:00,2024-11-10,12,day,True,False,VID00000270,Watched Demo video 270,Demo video 270,Watched,English,https://www.youtube.com/watch?v=VID00000270,Demo channel 162,https://www.youtube.com/channel/UCDEMOCHANNEL00000162,UCDEMOCHANNEL00000162,Demo video 270,Demo channel 162,Demo channel 162,UCDEMOCHANNEL00000162,Demo channel 162,UCDEMOCHANNEL00000162,1217.0,1.78,1920.0,1080.0,1920x1080,30.0,True,False,True,False,273714.0,3807.0,668.0,23321.0,20200809,1596931200.0,https://www.youtube.com/watch?v=VID00000270,"[""Demo category""]","[""demo tag 221""]",en,ok,ok,False,True,,True,True,True,True,True,,No error,No error,,No error,False
Alma,2024-10-30 21:54:50.417000+00:00,2024-10-30 22:54:50.417000+01:00,2024-10-30,22,day,True,False,VID00000018,Watched Demo video 018,Demo video 018,Watched,English,https://www.youtube.com/watch?v=VID00000018,Demo channel 023,https://www.youtube.com/channel/UCDEMOCHANNEL00000023,UCDEMOCHANNEL00000023,Demo video 018,Demo channel 023,Demo channel 023,UCDEMOCHANNEL00000023,Demo channel 023,UCDEMOCHANNEL00000023,47.0,0.56,1080.0,1920.0,1080x1920,30.0,True,False,True,False,21978.0,339.0,56.0,2717.0,20200118,1579305600.0,https://www.youtube.com/watch?v=VID00000018,"[""Demo category""]","[""demo tag 017""]",en,ok,ok,False,True,,True,True,True,True,True,,No error,No error,,No error,False
Alma,2024-09-24 09:26:02.938000+00:00,2024-09-24 11:26:02.938000+02:00,2024-09-24,11,day,True,False,VID00000150,Watched Demo video 150,Demo video 150,Watched,English,https://www.youtube.com/watch?v=VID00000150,Demo channel 171,https://www.youtube.com/channel/UCDEMOCHANNEL00000171,UCDEMOCHANNEL00000171,Demo video 150,Demo channel 171,Demo channel 171,UCDEMOCHANNEL00000171,Demo channel 171,UCDEMOCHANNEL00000171,1191.0,1.78,1920.0,1080.0,1920x1080,30.0,True,False,True,False,152782.0,2141.0,374.0,13423.0,20200503,1588464000.0,https://www.youtube.com/watch?v=VID00000150,"[""Demo category""]","[""demo tag 123""]",en,ok,ok,False,True,,True,True,True,True,True,,No error,No error,,No error,False
Alma,2024-09-13 13:52:08.470000+00:00,2024-09-13 15:52:08.470000+02:00,2024-09-13,15,day,True,False,VID00000020,Watched Demo video 020,Demo video 020,Watched,English,https://www.youtube.com/watch?v=VID00000020,Demo channel 165,https://www.youtube.com/channel/UCDEMOCHANNEL00000165,UCDEMOCHANNEL00000165,Demo video 020,Demo channel 165,Demo channel 165,UCDEMOCHANNEL00000165,Demo channel 165,UCDEMOCHANNEL00000165,49.0,0.56,1080.0,1920.0,1080x1920,30.0,True,False,True,False,24446.0,373.0,62.0,2919.0,20200120,1579478400.0,https://www.youtube.com/watch?v=VID00000020,"[""Demo category""]","[""demo tag 019""]",en,ok,ok,True,True,8.0,False,True,True,True,True,,No error,No error,,No error,False
Alma,2024-08-15 14:00:23.414000+00:00,2024-08-15 16:00:23.414000+02:00,2024-08-15,16,day,True,False,VID00000191,Watched Demo video 191,Demo video 191,Watched,English,https://www.youtube.com/watch?v=VID00000191,Demo channel 109,https://www.youtube.com/channel/UCDEMOCHANNEL00000109,UCDEMOCHANNEL00000109,Demo video 191,Demo channel 109,Demo channel 109,UCDEMOCHANNEL00000109,Demo channel 109,UCDEMOCHANNEL00000109,2412.0,1.78,1920.0,1080.0,1920x1080,30.0,True,False,True,False,193504.0,2702.0,473.0,16756.0,20200605,1591315200.0,https://www.youtube.com/watch?v=VID00000191,"[""Demo category""]","[""demo tag 156""]",en,ok,ok,False,True,,False,True,True,True,True,,No error,No error,,No error,False
Alma,2024-06-14 10:10:38.841000+00:00,2024-06-14 12:10:38.841000+02:00,2024-06-14,12,day,True,False,VID00000059,Watched Demo video 059,Demo video 059,Watched,English,https://www.youtube.com/watch?v=VID00000059,Demo channel 015,https://www.youtube.com/channel/UCDEMOCHANNEL00000015,UCDEMOCHANNEL00000015,Demo video 059,Demo channel 015,Demo channel 015,UCDEMOCHANNEL00000015,Demo channel 015,UCDEMOCHANNEL00000015,2090.0,1.78,1920.0,1080.0,1920x1080,30.0,True,False,True,False,62700.0,900.0,155.0,6050.0,20200220,1582156800.0,https://www.youtube.com/watch?v=VID00000059,"[""Demo category""]","[""demo tag 050""]",en,ok,ok,False,True,,False,True,True,True,True,,No error,No error,,No error,False
Alma,2024-04-26 21:14:33.220000+00:00,2024-04-26 23:14:33.220000+02:00,2024-04-26,23,day,True,False,VID00000187,Watched Demo video 187,Demo video 187,Watched,English,https://www.youtube.com/watch?v=VID00000187,Demo channel 057,https://www.youtube.com/channel/UCDEMOCHANNEL00000057,UCDEMOCHANNEL00000057,Demo video 187,Demo channel 057,Demo channel 057,UCDEMOCHANNEL00000057,Demo channel 057,UCDEMOCHANNEL00000057,2301.0,1.78,1920.0,1080.0,1920x1080,30.0,True,False,True,False,189802.0,2651.0,464.0,16453.0,20200602,1591056000.0,https://www.youtube.com/watch?v=VID00000187,"[""Demo category""]","[""demo tag 153""]",en,ok,ok,False,True,,False,True,True,True,True,,No error,No error,,No error,False
Alma,2024-04-26 21:12:16.231000+00:00,2024-04-26 23:12:16.231000+02:00,2024-04-26,23,day,True,False,VID00000059,Watched Demo video 059,Demo video 059,Watched,English,https://www.youtube.com/watch?v=VID00000059,Demo channel 015,https://www.youtube.com/channel/UCDEMOCHANNEL00000015,UCDEMOCHANNEL00000015,Demo video 059,Demo channel 015,Demo channel 015,UCDEMOCHANNEL00000015,Demo channel 015,UCDEMOCHANNEL00000015,2090.0,1.78,1920.0,1080.0,1920x1080,30.0,True,False,True,False,62700.0,900.0,155.0,6050.0,20200220,1582156800.0,https://www.youtube.com/watch?v=VID00000059,"[""Demo category""]","[""demo tag 050""]",en,ok,ok,False,True,,False,True,True,True,True,,No error,No error,,No error,False
Alma,2024-04-24 14:19:15.637000+00:00,2024-04-24 16:19:15.637000+02:00,2024-04-24,16,day,True,False,VID00000185,Watched Demo video 185,Demo video 185,Watched,English,https://www.youtube.com/watch?v=VID00000185,Demo channel 134,https://www.youtube.com/channel/UCDEMOCHANNEL00000134,UCDEMOCHANNEL00000134,Demo video 185,Demo channel 134,Demo channel 134,UCDEMOCHANNEL00000134,Demo channel 134,UCDEMOCHANNEL00000134,2227.0,1.78,1920.0,1080.0,1920x1080,30.0,True,False,True,False,187334.0,2617.0,458.0,16251.0,20200531,1590883200.0,https://www.youtube.com/watch?v=VID00000185,"[""Demo category""]","[""demo tag 151""]",en,ok,ok,False,True,,False,True,True,True,True,,No error,No error,,No error,False
Alma,2024-04-15 08:07:47.022000+00:00,2024-04-15 10:07:47.022000+02:00,2024-04-15,10,day,True,False,VID00000202,Watched Demo video 202,Demo video 202,Watched,English,https://www.youtube.com/watch?v=VID00000202,Demo channel 042,https://www.youtube.com/channel/UCDEMOCHANNEL00000042,UCDEMOCHANNEL00000042,Demo video 202,Demo channel 042,Demo channel 042,UCDEMOCHANNEL00000042,Demo channel 042,UCDEMOCHANNEL00000042,2745.0,1.78,1920.0,1080.0,1920x1080,30.0,True,False,True,False,204610.0,2855.0,500.0,17665.0,20200614,1592092800.0,https://www.youtube.com/watch?v=VID00000202,"[""Demo category""]","[""demo tag 165""]",en,ok,ok,False,True,,False,True,True,True,True,,No error,No error,,No error,False
Alma,2024-02-23 18:05:32.433000+00:00,2024-02-23 19:05:32.433000+01:00,2024-02-23,19,day,True,False,VID00000261,Watched Demo video 261,Demo video 261,Watched,English,https://www.youtube.com/watch?v=VID00000261,Demo channel 030,https://www.youtube.com/channel/UCDEMOCHANNEL00000030,UCDEMOCHANNEL00000030,Demo video 261,Demo channel 030,Demo channel 030,UCDEMOCHANNEL00000030,Demo channel 030,UCDEMOCHANNEL00000030,995.0,1.78,1920.0,1080.0,1920x1080,30.0,True,False,True,False,266310.0,3705.0,650.0,22715.0,20200803,1596412800.0,https://www.youtube.com/watch?v=VID00000261,"[""Demo category""]","[""demo tag 215""]",en,ok,ok,True,True,3.0,False,True,True,True,True,,No error,No error,,No error,False
Alma,2023-12-05 10:42:22.434000+00:00,2023-12-05 11:42:22.434000+01:00,2023-12-05,11,day,True,False,VID00000199,Watched Demo video 199,Demo video 199,Watched,English,https://www.youtube.com/watch?v=VID00000199,Demo channel 039,https://www.youtube.com/channel/UCDEMOCHANNEL00000039,UCDEMOCHANNEL00000039,Demo video 199,Demo channel 039,Demo channel 039,UCDEMOCHANNEL00000039,Demo channel 039,UCDEMOCHANNEL00000039,2671.0,1.78,1920.0,1080.0,1920x1080,30.0,True,False,True,False,202142.0,2821.0,494.0,17463.0,20200612,1591920000.0,https://www.youtube.com/watch?v=VID00000199,"[""Demo category""]","[""demo tag 163""]",en,ok,ok,False,True,,False,True,True,True,True,,No error,No error,,No error,False
Alma,2023-09-15 12:06:16.217000+00:00,2023-09-15 14:06:16.217000+02:00,2023-09-15,14,day,True,False,VID00000226,Watched Demo video 226,Demo video 226,Watched,English,https://www.youtube.com/watch?v=VID00000226,Demo channel 171,https://www.youtube.com/channel/UCDEMOCHANNEL00000171,UCDEMOCHANNEL00000171,Demo video 226,Demo channel 171,Demo channel 171,UCDEMOCHANNEL00000171,Demo channel 171,UCDEMOCHANNEL00000171,3374.0,1.78,1920.0,1080.0,1920x1080,30.0,True,False,True,False,225588.0,3144.0,551.0,19382.0,20200701,1593561600.0,https://www.youtube.com/watch?v=VID00000226,"[""Demo category""]","[""demo tag 182""]",en,ok,ok,False,True,,True,True,True,True,True,,No error,No error,,No error,False
Alma,2023-06-09 07:44:09.514000+00:00,2023-06-09 09:44:09.514000+02:00,2023-06-09,9,day,True,False,VID00000138,Watched Demo video 138,Demo video 138,Watched,English,https://www.youtube.com/watch?v=VID00000138,Demo channel 072,https://www.youtube.com/channel/UCDEMOCHANNEL00000072,UCDEMOCHANNEL00000072,Demo video 138,Demo channel 072,Demo channel 072,UCDEMOCHANNEL00000072,Demo channel 072,UCDEMOCHANNEL00000072,821.0,1.78,1920.0,1080.0,1920x1080,30.0,True,False,True,False,140442.0,1971.0,344.0,12413.0,20200423,1587600000.0,https://www.youtube.com/watch?v=VID00000138,"[""Demo category""]","[""demo tag 113""]",en,ok,ok,False,True,,False,True,True,True,True,,No error,No error,,No error,False
Alma,2023-04-04 06:35:44.595000+00:00,2023-04-04 08:35:44.595000+02:00,2023-04-04,8,day,True,False,VID00000297,Watched Demo video 297,Demo video 297,Watched,English,https://www.youtube.com/watch?v=VID00000297,Demo channel 069,https://www.youtube.com/channel/UCDEMOCHANNEL00000069,UCDEMOCHANNEL00000069,Demo video 297,Demo channel 069,Demo channel 069,UCDEMOCHANNEL00000069,Demo channel 069,UCDEMOCHANNEL00000069,2031.0,1.78,1920.0,1080.0,1920x1080,30.0,True,False,True,False,300862.0,4181.0,734.0,25543.0,20200831,1598832000.0,https://www.youtube.com/watch?v=VID00000297,"[""Demo category""]","[""demo tag 243""]",en,ok,ok,False,True,,False,True,True,True,True,,No error,No error,,No error,False
Alma,2022-10-28 11:41:49.175000+00:00,2022-10-28 13:41:49.175000+02:00,2022-10-28,13,day,True,False,VID00000237,Watched Demo video 237,Demo video 237,Watched,English,https://www.youtube.com/watch?v=VID00000237,Demo channel 036,https://www.youtube.com/channel/UCDEMOCHANNEL00000036,UCDEMOCHANNEL00000036,Demo video 237,Demo channel 036,Demo channel 036,UCDEMOCHANNEL00000036,Demo channel 036,UCDEMOCHANNEL00000036,3744.0,1.78,1920.0,1080.0,1920x1080,30.0,True,False,True,False,237928.0,3314.0,581.0,20392.0,20200711,1594425600.0,https://www.youtube.com/watch?v=VID00000237,"[""Demo category""]","[""demo tag 192""]",en,ok,ok,False,True,,False,True,True,True,True,,No error,No error,,No error,False
Alma,2022-10-26 16:23:14.661000+00:00,2022-10-26 18:23:14.661000+02:00,2022-10-26,18,day,True,False,VID00000117,Watched Demo video 117,Demo video 117,Watched,English,https://www.youtube.com/watch?v=VID00000117,Demo channel 093,https://www.youtube.com/channel/UCDEMOCHANNEL00000093,UCDEMOCHANNEL00000093,Demo video 117,Demo channel 093,Demo channel 093,UCDEMOCHANNEL00000093,Demo channel 093,UCDEMOCHANNEL00000093,3829.0,1.78,1920.0,1080.0,1920x1080,30.0,True,False,True,False,120698.0,1699.0,296.0,10797.0,20200407,1586217600.0,https://www.youtube.com/watch?v=VID00000117,"[""Demo category""]","[""demo tag 097""]",en,ok,ok,False,True,,False,True,True,True,True,,No error,No error,,No error,False
Alma,2022-10-24 08:12:22.493000+00:00,2022-10-24 10:12:22.493000+02:00,2022-10-24,10,day,True,False,VID00000196,Watched Demo video 196,Demo video 196,Watched,English,https://www.youtube.com/watch?v=VID00000196,Demo channel 037,https://www.youtube.com/channel/UCDEMOCHANNEL00000037,UCDEMOCHANNEL00000037,Demo video 196,Demo channel 037,Demo channel 037,UCDEMOCHANNEL00000037,Demo channel 037,UCDEMOCHANNEL00000037,2597.0,1.78,1920.0,1080.0,1920x1080,30.0,True,False,True,False,199674.0,2787.0,488.0,17261.0,20200610,1591747200.0,https://www.youtube.com/watch?v=VID00000196,"[""Demo category""]","[""demo tag 161""]",en,ok,ok,True,True,12.0,False,True,True,True,True,,No error,No error,,No error,False
Alma,2022-06-17 14:43:10.824000+00:00,2022-06-17 16:43:10.824000+02:00,2022-06-17,16,day,True,False,VID00000207,Watched Demo video 207,Demo video 207,Watched,English,https://www.youtube.com/watch?v=VID00000207,Demo channel 143,https://www.youtube.com/channel/UCDEMOCHANNEL00000143,UCDEMOCHANNEL00000143,Demo video 207,Demo channel 143,Demo channel 143,UCDEMOCHANNEL00000143,Demo channel 143,UCDEMOCHANNEL00000143,79.0,0.56,1080.0,1920.0,1080x1920,30.0,True,False,True,False,209546.0,2923.0,512.0,18069.0,20200618,1592438400.0,https://www.youtube.com/watch?v=VID00000207,"[""Demo category""]","[""demo tag 169""]",en,ok,ok,False,True,,False,True,True,True,True,,No error,No error,,No error,False
Alma,2022-06-17 14:41:36.473000+00:00,2022-06-17 16:41:36.473000+02:00,2022-06-17,16,day,True,False,VID00000195,Watched Demo video 195,Demo video 195,Watched,English,https://www.youtube.com/watch?v=VID00000195,Demo channel 116,https://www.youtube.com/channel/UCDEMOCHANNEL00000116,UCDEMOCHANNEL00000116,Demo video 195,Demo channel 116,Demo channel 116,UCDEMOCHANNEL00000116,Demo channel 116,UCDEMOCHANNEL00000116,70.0,0.56,1080.0,1920.0,1080x1920,30.0,True,False,True,False,198440.0,2770.0,485.0,17160.0,20200609,1591660800.0,https://www.youtube.com/watch?v=VID00000195,"[""Demo category""]","[""demo tag 160""]",en,ok,ok,False,True,,False,True,True,True,True,,No error,No error,,No error,False
Alma,2022-06-03 09:43:18.227000+00:00,2022-06-03 11:43:18.227000+02:00,2022-06-03,11,day,True,False,VID00000014,Watched Demo video 014,Demo video 014,Watched,English,https://www.youtube.com/watch?v=VID00000014,,,,,,,,,,,,,,,,False,False,True,False,,,,,,,,,,,error,metadata_error,False,True,,,True,True,False,False,ERROR: [youtube] VID00000014: This video has been removed for violating YouTube's Community Guidelines,This video has been removed for violating YouTube's Community Guidelines,removed - community guidelines violated,Y,Problematic,True
Alma,2022-03-17 12:53:47.338000+00:00,2022-03-17 13:53:47.338000+01:00,2022-03-17,13,day,True,False,VID00000278,Watched Demo video 278,Demo video 278,Watched,English,https://www.youtube.com/watch?v=VID00000278,Demo channel 044,https://www.youtube.com/channel/UCDEMOCHANNEL00000044,UCDEMOCHANNEL00000044,Demo video 278,Demo channel 044,Demo channel 044,UCDEMOCHANNEL00000044,Demo channel 044,UCDEMOCHANNEL00000044,1439.0,1.78,1920.0,1080.0,1920x1080,30.0,True,False,True,False,281118.0,3909.0,686.0,23927.0,20200815,1597449600.0,https://www.youtube.com/watch?v=VID00000278,"[""Demo category""]","[""demo tag 227""]",en,ok,ok,False,True,,False,True,True,True,True,,No error,No error,,No error,False
Alma,2020-09-11 13:45:01.848000+00:00,2020-09-11 15:45:01.848000+02:00,2020-09-11,15,day,True,False,VID00000085,Watched Demo video 085,Demo video 085,Watched,English,https://www.youtube.com/watch?v=VID00000085,Demo channel 068,https://www.youtube.com/channel/UCDEMOCHANNEL00000068,UCDEMOCHANNEL00000068,,,,,Demo channel 068,UCDEMOCHANNEL00000068,,,,,,,False,False,True,False,,,,,,,,,,,error,metadata_error,False,True,,,True,True,False,True,ERROR: Unable to download video subtitles for 'en': HTTP Error 429: Too Many Requests,ERROR: Unable to download video subtitles for 'en': HTTP Error 429: Too Many Requests,access management,N,Not problematic,False
Alma,2020-09-07 11:26:03.954000+00:00,2020-09-07 13:26:03.954000+02:00,2020-09-07,13,day,True,False,VID00000247,Watched Demo video 247,Demo video 247,Watched,English,https://www.youtube.com/watch?v=VID00000247,Demo channel 113,https://www.youtube.com/channel/UCDEMOCHANNEL00000113,UCDEMOCHANNEL00000113,Demo video 247,Demo channel 113,Demo channel 113,UCDEMOCHANNEL00000113,Demo channel 113,UCDEMOCHANNEL00000113,477.0,1.78,1920.0,1080.0,1920x1080,30.0,True,False,True,False,249034.0,3467.0,608.0,21301.0,20200720,1595203200.0,https://www.youtube.com/watch?v=VID00000247,"[""Demo category""]","[""demo tag 201""]",en,ok,ok,True,True,50.0,False,True,True,True,True,,No error,No error,,No error,False
Alma,2020-04-17 08:37:02.714000+00:00,2020-04-17 10:37:02.714000+02:00,2020-04-17,10,day,True,False,VID00000144,Watched Demo video 144,Demo video 144,Watched,English,https://www.youtube.com/watch?v=VID00000144,Demo channel 011,https://www.youtube.com/channel/UCDEMOCHANNEL00000011,UCDEMOCHANNEL00000011,Demo video 144,Demo channel 011,Demo channel 011,UCDEMOCHANNEL00000011,Demo channel 011,UCDEMOCHANNEL00000011,1006.0,1.78,1920.0,1080.0,1920x1080,30.0,True,False,True,False,146612.0,2056.0,359.0,12918.0,20200428,1588032000.0,https://www.youtube.com/watch?v=VID00000144,"[""Demo category""]","[""demo tag 118""]",en,ok,ok,True,True,25.0,False,True,True,True,True,,No error,No error,,No error,False
Alma,2020-03-23 11:08:01.776000+00:00,2020-03-23 12:08:01.776000+01:00,2020-03-23,12,day,True,False,VID00000162,Watched Demo video 162,Demo video 162,Watched,English,https://www.youtube.com/watch?v=VID00000162,Demo channel 016,https://www.youtube.com/channel/UCDEMOCHANNEL00000016,UCDEMOCHANNEL00000016,Demo video 162,Demo channel 016,Demo channel 016,UCDEMOCHANNEL00000016,Demo channel 016,UCDEMOCHANNEL00000016,1598.0,1.78,1920.0,1080.0,1920x1080,30.0,True,False,True,False,166356.0,2328.0,407.0,14534.0,20200514,1589414400.0,https://www.youtube.com/watch?v=VID00000162,"[""Demo category""]","[""demo tag 134""]",en,ok,ok,False,True,,False,True,True,True,True,,No error,No error,,No error,False
Alma,2020-03-04 09:27:07.619000+00:00,2020-03-04 10:27:07.619000+01:00,2020-03-04,10,day,True,False,VID00000052,Watched Demo video 052,Demo video 052,Watched,English,https://www.youtube.com/watch?v=VID00000052,Demo channel 091,https://www.youtube.com/channel/UCDEMOCHANNEL00000091,UCDEMOCHANNEL00000091,Demo video 052,Demo channel 091,Demo channel 091,UCDEMOCHANNEL00000091,Demo channel 091,UCDEMOCHANNEL00000091,1905.0,1.78,1920.0,1080.0,1920x1080,30.0,True,False,True,False,56530.0,815.0,140.0,5545.0,20200215,1581724800.0,https://www.youtube.com/watch?v=VID00000052,"[""Demo category""]","[""demo tag 045""]",en,ok,ok,True,True,33.0,False,True,True,True,True,,No error,No error,,No error,False
Alma,2020-03-03 19:59:09.463000+00:00,2020-03-03 20:59:09.463000+01:00,2020-03-03,20,day,True,False,VID00000289,Watched Demo video 289,Demo video 289,Watched,English,https://www.youtube.com/watch?v=VID00000289,Demo channel 124,https://www.youtube.com/channel/UCDEMOCHANNEL00000124,UCDEMOCHANNEL00000124,Demo video 289,Demo channel 124,Demo channel 124,UCDEMOCHANNEL00000124,Demo channel 124,UCDEMOCHANNEL00000124,1772.0,1.78,1920.0,1080.0,1920x1080,30.0,True,False,True,False,292224.0,4062.0,713.0,24836.0,20200824,1598227200.0,https://www.youtube.com/watch?v=VID00000289,"[""Demo category""]","[""demo tag 236""]",en,ok,ok,True,True,48.0,False,True,True,True,True,,No error,No error,,No error,False
Alma,2019-12-07 21:05:22.273000+00:00,2019-12-07 22:05:22.273000+01:00,2019-12-07,22,day,True,False,VID00000015,Watched Demo video 015,Demo video 015,Watched,English,https://www.youtube.com/watch?v=VID00000015,Demo channel 140,https://www.youtube.com/channel/UCDEMOCHANNEL00000140,UCDEMOCHANNEL00000140,,,,,Demo channel 140,UCDEMOCHANNEL00000140,,,,,,,False,False,True,False,,,,,,,,,,,error,metadata_error,False,True,,,True,True,False,True,ERROR: Unable to download video subtitles for 'en': HTTP Error 429: Too Many Requests,ERROR: Unable to download video subtitles for 'en': HTTP Error 429: Too Many Requests,access management,N,Not problematic,False
Alma,2019-07-31 09:08:37.454000+00:00,2019-07-31 11:08:37.454000+02:00,2019-07-31,11,day,True,False,VID00000193,Watched Demo video 193,Demo video 193,Watched,English,https://www.youtube.com/watch?v=VID00000193,Demo channel 053,https://www.youtube.com/channel/UCDEMOCHANNEL00000053,UCDEMOCHANNEL00000053,Demo video 193,Demo channel 053,Demo channel 053,UCDEMOCHANNEL00000053,Demo channel 053,UCDEMOCHANNEL00000053,2486.0,1.78,1920.0,1080.0,1920x1080,30.0,True,False,True,False,195972.0,2736.0,479.0,16958.0,20200607,1591488000.0,https://www.youtube.com/watch?v=VID00000193,"[""Demo category""]","[""demo tag 158""]",en,ok,ok,True,True,7.0,False,True,True,True,True,,No error,No error,,No error,False
Alma,2019-05-25 08:26:07.314000+00:00,2019-05-25 10:26:07.314000+02:00,2019-05-25,10,day,True,False,VID00000083,Watched Demo video 083,Demo video 083,Watched,English,https://www.youtube.com/watch?v=VID00000083,Demo channel 018,https://www.youtube.com/channel/UCDEMOCHANNEL00000018,UCDEMOCHANNEL00000018,Demo video 083,Demo channel 018,Demo channel 018,UCDEMOCHANNEL00000018,Demo channel 018,UCDEMOCHANNEL00000018,2719.0,1.78,1920.0,1080.0,1920x1080,30.0,True,False,True,False,83678.0,1189.0,206.0,7767.0,20200308,1583625600.0,https://www.youtube.com/watch?v=VID00000083,"[""Demo category""]","[""demo tag 067""]",en,ok,ok,False,True,,False,True,True,True,True,,No error,No error,,No error,False
Alma,2019-03-30 11:40:45.716000+00:00,2019-03-30 12:40:45.716000+01:00,2019-03-30,12,day,True,False,VID00000239,Watched Demo video 239,Demo video 239,Watched,English,https://www.youtube.com/watch?v=VID00000239,,,,,,,,,,,,,,,,False,False,True,False,,,,,,,,,,,error,metadata_error,False,True,,,True,True,False,False,ERROR: [youtube] VID00000239: Video unavailable. This video is no longer available because the YouTube account associated with this video has been terminated.,Video unavailable. This video is no longer available because the YouTube account associated with this video has been terminated.,removed - account terminated,Y,Problematic,True
Alma,2019-03-27 21:19:57.977000+00:00,2019-03-27 22:19:57.977000+01:00,2019-03-27,22,day,True,False,VID00000184,Watched Demo video 184,Demo video 184,Watched,English,https://www.youtube.com/watch?v=VID00000184,Demo channel 148,https://www.youtube.com/channel/UCDEMOCHANNEL00000148,UCDEMOCHANNEL00000148,Demo video 184,Demo channel 148,Demo channel 148,UCDEMOCHANNEL00000148,Demo channel 148,UCDEMOCHANNEL00000148,2190.0,1.78,1920.0,1080.0,1920x1080,30.0,True,False,True,False,186100.0,2600.0,455.0,16150.0,20200530,1590796800.0,https://www.youtube.com/watch?v=VID00000184,"[""Demo category""]","[""demo tag 150""]",en,ok,ok,True,True,36.0,False,True,True,True,True,,No error,No error,,No error,False
Alma,2019-03-27 21:14:48.427000+00:00,2019-03-27 22:14:48.427000+01:00,2019-03-27,22,day,True,False,VID00000201,Watched Demo video 201,Demo video 201,Watched,English,https://www.youtube.com/watch?v=VID00000201,Demo channel 181,https://www.youtube.com/channel/UCDEMOCHANNEL00000181,UCDEMOCHANNEL00000181,Demo video 201,Demo channel 181,Demo channel 181,UCDEMOCHANNEL00000181,Demo channel 181,UCDEMOCHANNEL00000181,2708.0,1.78,1920.0,1080.0,1920x1080,30.0,True,False,True,False,203376.0,2838.0,497.0,17564.0,20200613,1592006400.0,https://www.youtube.com/watch?v=VID00000201,"[""Demo category""]","[""demo tag 164""]",en,ok,ok,True,True,9.0,False,True,True,True,True,,No error,No error,,No error,False
Alma,2019-01-26 02:20:46.805000+00:00,2019-01-26 03:20:46.805000+01:00,2019-01-26,3,night,False,True,VID00000151,Watched Demo video 151,Demo video 151,Watched,English,https://www.youtube.com/watch?v=VID00000151,Demo channel 020,https://www.youtube.com/channel/UCDEMOCHANNEL00000020,UCDEMOCHANNEL00000020,Demo video 151,Demo channel 020,Demo channel 020,UCDEMOCHANNEL00000020,Demo channel 020,UCDEMOCHANNEL00000020,1228.0,1.78,1920.0,1080.0,1920x1080,30.0,True,False,True,False,154016.0,2158.0,377.0,13524.0,20200504,1588550400.0,https://www.youtube.com/watch?v=VID00000151,"[""Demo category""]","[""demo tag 124""]",en,ok,ok,False,True,,False,True,True,True,True,,No error,No error,,No error,False
Alma,2018-09-07 08:44:49.856000+00:00,2018-09-07 10:44:49.856000+02:00,2018-09-07,10,day,True,False,VID00000288,Watched Demo video 288,Demo video 288,Watched,English,https://www.youtube.com/watch?v=VID00000288,Demo channel 174,https://www.youtube.com/channel/UCDEMOCHANNEL00000174,UCDEMOCHANNEL00000174,,,,,Demo channel 174,UCDEMOCHANNEL00000174,,,,,,,False,False,True,False,,,,,,,,,,,error,metadata_error,False,True,,,True,True,False,True,ERROR: Unable to download video subtitles for 'en': HTTP Error 429: Too Many Requests,ERROR: Unable to download video subtitles for 'en': HTTP Error 429: Too Many Requests,access management,N,Not problematic,False
Alma,2018-02-26 19:31:21.576000+00:00,2018-02-26 20:31:21.576000+01:00,2018-02-26,20,day,True,False,VID00000230,Watched Demo video 230,Demo video 230,Watched,English,https://www.youtube.com/watch?v=VID00000230,Demo channel 160,https://www.youtube.com/channel/UCDEMOCHANNEL00000160,UCDEMOCHANNEL00000160,Demo video 230,Demo channel 160,Demo channel 160,UCDEMOCHANNEL00000160,Demo channel 160,UCDEMOCHANNEL00000160,3522.0,1.78,1920.0,1080.0,1920x1080,30.0,True,False,True,False,230524.0,3212.0,563.0,19786.0,20200705,1593907200.0,https://www.youtube.com/watch?v=VID00000230,"[""Demo category""]","[""demo tag 186""]",en,ok,ok,False,True,,False,True,True,True,True,,No error,No error,,No error,False
Alma,2018-01-25 17:37:25.523000+00:00,2018-01-25 18:37:25.523000+01:00,2018-01-25,18,day,True,False,VID00000048,Watched Demo video 048,Demo video 048,Watched,English,https://www.youtube.com/watch?v=VID00000048,Demo channel 154,https://www.youtube.com/channel/UCDEMOCHANNEL00000154,UCDEMOCHANNEL00000154,,,,,Demo channel 154,UCDEMOCHANNEL00000154,,,,,,,False,False,True,False,,,,,,,,,,,error,metadata_error,False,True,,,True,True,False,True,ERROR: Unable to download video subtitles for 'en': HTTP Error 429: Too Many Requests,ERROR: Unable to download video subtitles for 'en': HTTP Error 429: Too Many Requests,access management,N,Not problematic,False
Alma,2017-11-24 11:35:44.865000+00:00,2017-11-24 12:35:44.865000+01:00,2017-11-24,12,day,True,False,VID00000003,Watched Demo video 003,Demo video 003,Watched,English,https://www.youtube.com/watch?v=VID00000003,Demo channel 035,https://www.youtube.com/channel/UCDEMOCHANNEL00000035,UCDEMOCHANNEL00000035,Demo video 003,Demo channel 035,Demo channel 035,UCDEMOCHANNEL00000035,Demo channel 035,UCDEMOCHANNEL00000035,351.0,1.78,1920.0,1080.0,1920x1080,30.0,True,False,True,False,4702.0,101.0,14.0,1303.0,20200104,1578096000.0,https://www.youtube.com/watch?v=VID00000003,"[""Demo category""]","[""demo tag 003""]",en,ok,ok,False,True,,False,True,True,True,True,,No error,No error,,No error,False
Alma,2017-06-02 07:28:15.538000+00:00,2017-06-02 09:28:15.538000+02:00,2017-06-02,9,day,True,False,VID00000078,Watched Demo video 078,Demo video 078,Watched,English,https://www.youtube.com/watch?v=VID00000078,,,,,,,,,,,,,,,,False,False,True,False,,,,,,,,,,,error,metadata_error,False,True,,,True,True,False,False,ERROR: [youtube] VID00000078: Video unavailable. This video is no longer available because the YouTube account associated with this video has been terminated.,Video unavailable. This video is no longer available because the YouTube account associated with this video has been terminated.,removed - account terminated,Y,Problematic,True
Alma,2016-04-20 08:52:18.592000+00:00,2016-04-20 10:52:18.592000+02:00,2016-04-20,10,day,True,False,VID00000077,Watched Demo video 077,Demo video 077,Watched,English,https://www.youtube.com/watch?v=VID00000077,Demo channel 138,https://www.youtube.com/channel/UCDEMOCHANNEL00000138,UCDEMOCHANNEL00000138,Demo video 077,Demo channel 138,Demo channel 138,UCDEMOCHANNEL00000138,Demo channel 138,UCDEMOCHANNEL00000138,2534.0,1.78,1920.0,1080.0,1920x1080,30.0,True,False,True,False,77508.0,1104.0,191.0,7262.0,20200303,1583193600.0,https://www.youtube.com/watch?v=VID00000077,"[""Demo category""]","[""demo tag 062""]",en,ok,ok,False,True,,False,True,True,True,True,,No error,No error,,No error,False
Alma,2016-03-16 21:56:21.305000+00:00,2016-03-16 22:56:21.305000+01:00,2016-03-16,22,day,True,False,VID00000182,Watched Demo video 182,Demo video 182,Watched,English,https://www.youtube.com/watch?v=VID00000182,Demo channel 096,https://www.youtube.com/channel/UCDEMOCHANNEL00000096,UCDEMOCHANNEL00000096,Demo video 182,Demo channel 096,Demo channel 096,UCDEMOCHANNEL00000096,Demo channel 096,UCDEMOCHANNEL00000096,2116.0,1.78,1920.0,1080.0,1920x1080,30.0,True,False,True,False,183632.0,2566.0,449.0,15948.0,20200528,1590624000.0,https://www.youtube.com/watch?v=VID00000182,"[""Demo category""]","[""demo tag 148""]",en,ok,ok,False,True,,False,True,True,True,True,,No error,No error,,No error,False
Alma,2016-02-17 00:55:18.401000+00:00,2016-02-17 01:55:18.401000+01:00,2016-02-17,1,night,False,True,VID00000028,Watched Demo video 028,Demo video 028,Watched,English,https://www.youtube.com/watch?v=VID00000028,,,,,,,,,,,,,,,,False,False,True,False,,,,,,,,,,,error,metadata_error,True,True,29.0,,True,True,False,False,ERROR: [youtube] VID00000028: Video unavailable. This video is no longer available because the YouTube account associated with this video has been terminated.,Video unavailable. This video is no longer available because the YouTube account associated with this video has been terminated.,removed - account terminated,Y,Problematic,True
Alma,2016-02-15 07:21:31.615000+00:00,2016-02-15 08:21:31.615000+01:00,2016-02-15,8,day,True,False,VID00000111,Watched Demo video 111,Demo video 111,Watched,English,https://www.youtube.com/watch?v=VID00000111,Demo channel 171,https://www.youtube.com/channel/UCDEMOCHANNEL00000171,UCDEMOCHANNEL00000171,Demo video 111,Demo channel 171,Demo channel 171,UCDEMOCHANNEL00000171,Demo channel 171,UCDEMOCHANNEL00000171,3607.0,1.78,1920.0,1080.0,1920x1080,30.0,True,False,True,False,113294.0,1597.0,278.0,10191.0,20200401,1585699200.0,https://www.youtube.com/watch?v=VID00000111,"[""Demo category""]","[""demo tag 091""]",en,ok,ok,False,True,,True,True,True,True,True,,No error,No error,,No error,False
Alma,2016-02-15 07:10:40.140000+00:00,2016-02-15 08:10:40.140000+01:00,2016-02-15,8,day,True,False,VID00000308,Watched Demo video 308,Demo video 308,Watched,English,https://www.youtube.com/watch?v=VID00000308,Demo channel 171,https://www.youtube.com/channel/UCDEMOCHANNEL00000171,UCDEMOCHANNEL00000171,Demo video 308,Demo channel 171,Demo channel 171,UCDEMOCHANNEL00000171,Demo channel 171,UCDEMOCHANNEL00000171,2364.0,1.78,1920.0,1080.0,1920x1080,30.0,True,False,True,False,311968.0,4334.0,761.0,26452.0,20200909,1599609600.0,https://www.youtube.com/watch?v=VID00000308,"[""Demo category""]","[""demo tag 252""]",en,ok,ok,False,True,,True,True,True,True,True,,No error,No error,,No error,False
Alma,2015-12-14 09:27:09.053000+00:00,2015-12-14 10:27:09.053000+01:00,2015-12-14,10,day,True,False,VID00000112,Watched Demo video 112,Demo video 112,Watched,English,https://www.youtube.com/watch?v=VID00000112,Demo channel 060,https://www.youtube.com/channel/UCDEMOCHANNEL00000060,UCDEMOCHANNEL00000060,,,,,Demo channel 060,UCDEMOCHANNEL00000060,,,,,,,False,False,True,False,,,,,,,,,,,error,metadata_error,True,True,19.0,,True,True,False,True,"ERROR: [youtube] VID00000112: Video unavailable. This video contains content from Disney Enterprises, who has blocked it on copyright grounds",Video unavailable. This video contains content from copyright owner(s) who have blocked it on copyright grounds,removed - copyright claim,Platform external legal action,Removed due to external legal rights,False
Alma,2015-11-22 22:31:48.427000+00:00,2015-11-22 23:31:48.427000+01:00,2015-11-22,23,day,True,False,VID00000007,Watched Demo video 007,Demo video 007,Watched,English,https://www.youtube.com/watch?v=VID00000007,Demo channel 163,https://www.youtube.com/channel/UCDEMOCHANNEL00000163,UCDEMOCHANNEL00000163,Demo video 007,Demo channel 163,Demo channel 163,UCDEMOCHANNEL00000163,Demo channel 163,UCDEMOCHANNEL00000163,499.0,1.78,1920.0,1080.0,1920x1080,30.0,True,False,True,False,9638.0,169.0,26.0,1707.0,20200108,1578441600.0,https://www.youtube.com/watch?v=VID00000007,"[""Demo category""]","[""demo tag 007""]",en,ok,ok,False,True,,False,True,True,True,True,,No error,No error,,No error,False
Alma,2015-09-04 20:18:00.398000+00:00,2015-09-04 22:18:00.398000+02:00,2015-09-04,22,day,True,False,VID00000056,Watched Demo video 056,Demo video 056,Watched,English,https://www.youtube.com/watch?v=VID00000056,Demo channel 029,https://www.youtube.com/channel/UCDEMOCHANNEL00000029,UCDEMOCHANNEL00000029,Demo video 056,Demo channel 029,Demo channel 029,UCDEMOCHANNEL00000029,Demo channel 029,UCDEMOCHANNEL00000029,2016.0,1.78,1920.0,1080.0,1920x1080,30.0,True,False,True,False,60232.0,866.0,149.0,5848.0,20200218,1581984000.0,https://www.youtube.com/watch?v=VID00000056,"[""Demo category""]","[""demo tag 048""]",en,ok,ok,False,True,,False,True,True,True,True,,No error,No error,,No error,False
Alma,2015-09-03 10:18:03.803000+00:00,2015-09-03 12:18:03.803000+02:00,2015-09-03,12,day,True,False,VID00000031,Watched Demo video 031,Demo video 031,Watched,English,https://www.youtube.com/watch?v=VID00000031,Demo channel 029,https://www.youtube.com/channel/UCDEMOCHANNEL00000029,UCDEMOCHANNEL00000029,Demo video 031,Demo channel 029,Demo channel 029,UCDEMOCHANNEL00000029,Demo channel 029,UCDEMOCHANNEL00000029,1276.0,1.78,1920.0,1080.0,1920x1080,30.0,True,False,True,False,35552.0,526.0,89.0,3828.0,20200129,1580256000.0,https://www.youtube.com/watch?v=VID00000031,"[""Demo category""]","[""demo tag 028""]",en,ok,ok,False,True,,False,True,True,True,True,,No error,No error,,No error,False
Alma,2015-08-30 22:58:57.619000+00:00,2015-08-31 00:58:57.619000+02:00,2015-08-31,0,night,False,True,VID00000219,Watched Demo video 219,Demo video 219,Watched,English,https://www.youtube.com/watch?v=VID00000219,Demo channel 133,https://www.youtube.com/channel/UCDEMOCHANNEL00000133,UCDEMOCHANNEL00000133,Demo video 219,Demo channel 133,Demo channel 133,UCDEMOCHANNEL00000133,Demo channel 133,UCDEMOCHANNEL00000133,3152.0,1.78,1920.0,1080.0,1920x1080,30.0,True,False,True,False,218184.0,3042.0,533.0,18776.0,20200625,1593043200.0,https://www.youtube.com/watch?v=VID00000219,"[""Demo category""]","[""demo tag 176""]",en,ok,ok,False,True,,False,True,True,True,True,,No error,No error,,No error,False
Alma,2015-08-22 16:43:59.032000+00:00,2015-08-22 18:43:59.032000+02:00,2015-08-22,18,day,True,False,VID00000079,Watched Demo video 079,Demo video 079,Watched,English,https://www.youtube.com/watch?v=VID00000079,Demo channel 011,https://www.youtube.com/channel/UCDEMOCHANNEL00000011,UCDEMOCHANNEL00000011,Demo video 079,Demo channel 011,Demo channel 011,UCDEMOCHANNEL00000011,Demo channel 011,UCDEMOCHANNEL00000011,2608.0,1.78,1920.0,1080.0,1920x1080,30.0,True,False,True,False,79976.0,1138.0,197.0,7464.0,20200305,1583366400.0,https://www.youtube.com/watch?v=VID00000079,"[""Demo category""]","[""demo tag 064""]",en,ok,ok,False,True,,False,True,True,True,True,,No error,No error,,No error,False
Alma,2015-08-21 23:21:31.244000+00:00,2015-08-22 01:21:31.244000+02:00,2015-08-22,1,night,False,True,VID00000211,Watched Demo video 211,Demo video 211,Watched,English,https://www.youtube.com/watch?v=VID00000211,Demo channel 104,https://www.youtube.com/channel/UCDEMOCHANNEL00000104,UCDEMOCHANNEL00000104,Demo video 211,Demo channel 104,Demo channel 104,UCDEMOCHANNEL00000104,Demo channel 104,UCDEMOCHANNEL00000104,2930.0,1.78,1920.0,1080.0,1920x1080,30.0,True,False,True,False,210780.0,2940.0,515.0,18170.0,20200619,1592524800.0,https://www.youtube.com/watch?v=VID00000211,"[""Demo category""]","[""demo tag 170""]",en,ok,ok,False,True,,False,True,True,True,True,,No error,No error,,No error,False
Alma,2015-08-14 15:54:05.882000+00:00,2015-08-14 17:54:05.882000+02:00,2015-08-14,17,day,True,False,VID00000067,Watched Demo video 067,Demo video 067,Watched,English,https://www.youtube.com/watch?v=VID00000067,Demo channel 054,https://www.youtube.com/channel/UCDEMOCHANNEL00000054,UCDEMOCHANNEL00000054,,,,,Demo channel 054,UCDEMOCHANNEL00000054,,,,,,,False,False,True,False,,,,,,,,,,,error,metadata_error,True,True,17.0,,True,True,False,True,ERROR: Unable to download video subtitles for 'en': HTTP Error 429: Too Many Requests,ERROR: Unable to download video subtitles for 'en': HTTP Error 429: Too Many Requests,access management,N,Not problematic,False
Alma,2015-08-13 08:36:47.293000+00:00,2015-08-13 10:36:47.293000+02:00,2015-08-13,10,day,True,False,VID00000243,Watched Demo video 243,Demo video 243,Watched,English,https://www.youtube.com/watch?v=VID00000243,Demo channel 017,https://www.youtube.com/channel/UCDEMOCHANNEL00000017,UCDEMOCHANNEL00000017,Demo video 243,Demo channel 017,Demo channel 017,UCDEMOCHANNEL00000017,Demo channel 017,UCDEMOCHANNEL00000017,329.0,1.78,1920.0,1080.0,1920x1080,30.0,True,False,True,False,244098.0,3399.0,596.0,20897.0,20200716,1594857600.0,https://www.youtube.com/watch?v=VID00000243,"[""Demo category""]","[""demo tag 197""]",en,ok,ok,False,True,,False,True,True,True,True,,No error,No error,,No error,False
Alma,2015-08-08 15:56:04.335000+00:00,2015-08-08 17:56:04.335000+02:00,2015-08-08,17,day,True,False,VID00000252,Watched Demo video 252,Demo video 252,Watched,English,https://www.youtube.com/watch?v=VID00000252,Demo channel 062,https://www.youtube.com/channel/UCDEMOCHANNEL00000062,UCDEMOCHANNEL00000062,Demo video 252,Demo channel 062,Demo channel 062,UCDEMOCHANNEL00000062,Demo channel 062,UCDEMOCHANNEL00000062,662.0,1.78,1920.0,1080.0,1920x1080,30.0,True,False,True,False,255204.0,3552.0,623.0,21806.0,20200725,1595635200.0,https://www.youtube.com/watch?v=VID00000252,"[""Demo category""]","[""demo tag 206""]",en,ok,ok,False,True,,False,True,True,True,True,,No error,No error,,No error,False
Alma,2015-08-06 16:22:43.100000+00:00,2015-08-06 18:22:43.100000+02:00,2015-08-06,18,day,True,False,VID00000123,Watched Demo video 123,Demo video 123,Watched,English,https://www.youtube.com/watch?v=VID00000123,Demo channel 011,https://www.youtube.com/channel/UCDEMOCHANNEL00000011,UCDEMOCHANNEL00000011,Demo video 123,Demo channel 011,Demo channel 011,UCDEMOCHANNEL00000011,Demo channel 011,UCDEMOCHANNEL00000011,340.0,1.78,1920.0,1080.0,1920x1080,30.0,True,False,True,False,124400.0,1750.0,305.0,11100.0,20200410,1586476800.0,https://www.youtube.com/watch?v=VID00000123,"[""Demo category""]","[""demo tag 100""]",en,ok,ok,False,True,,False,True,True,True,True,,No error,No error,,No error,False
Alma,2015-08-05 09:56:43.232000+00:00,2015-08-05 11:56:43.232000+02:00,2015-08-05,11,day,True,False,VID00000030,Watched Demo video 030,Demo video 030,Watched,English,https://www.youtube.com/watch?v=VID00000030,Demo channel 152,https://www.youtube.com/channel/UCDEMOCHANNEL00000152,UCDEMOCHANNEL00000152,Demo video 030,Demo channel 152,Demo channel 152,UCDEMOCHANNEL00000152,Demo channel 152,UCDEMOCHANNEL00000152,1239.0,1.78,1920.0,1080.0,1920x1080,30.0,True,False,True,False,34318.0,509.0,86.0,3727.0,20200128,1580169600.0,https://www.youtube.com/watch?v=VID00000030,"[""Demo category""]","[""demo tag 027""]",en,ok,ok,False,True,,False,True,True,True,True,,No error,No error,,No error,False
Alma,2015-07-27 10:43:38.395000+00:00,2015-07-27 12:43:38.395000+02:00,2015-07-27,12,day,True,False,VID00000067,Watched Demo video 067,Demo video 067,Watched,English,https://www.youtube.com/watch?v=VID00000067,Demo channel 054,https://www.youtube.com/channel/UCDEMOCHANNEL00000054,UCDEMOCHANNEL00000054,,,,,Demo channel 054,UCDEMOCHANNEL00000054,,,,,,,False,False,True,False,,,,,,,,,,,error,metadata_error,False,True,,,True,True,False,True,ERROR: Unable to download video subtitles for 'en': HTTP Error 429: Too Many Requests,ERROR: Unable to download video subtitles for 'en': HTTP Error 429: Too Many Requests,access management,N,Not problematic,False
Alma,2015-07-25 16:35:30+00:00,2015-07-25 18:35:30+02:00,2015-07-25,18,day,True,False,VID00000163,Watched Demo video 163,Demo video 163,Watched,English,https://www.youtube.com/watch?v=VID00000163,Demo channel 055,https://www.youtube.com/channel/UCDEMOCHANNEL00000055,UCDEMOCHANNEL00000055,Demo video 163,Demo channel 055,Demo channel 055,UCDEMOCHANNEL00000055,Demo channel 055,UCDEMOCHANNEL00000055,1635.0,1.78,1920.0,1080.0,1920x1080,30.0,True,False,True,False,167590.0,2345.0,410.0,14635.0,20200515,1589500800.0,https://www.youtube.com/watch?v=VID00000163,"[""Demo category""]","[""demo tag 135""]",en,ok,ok,True,True,37.0,False,True,True,True,True,,No error,No error,,No error,False
Alma,2015-07-25 09:53:11.011000+00:00,2015-07-25 11:53:11.011000+02:00,2015-07-25,11,day,True,False,VID00000004,Watched Demo video 004,Demo video 004,Watched,English,https://www.youtube.com/watch?v=VID00000004,Demo channel 112,https://www.youtube.com/channel/UCDEMOCHANNEL00000112,UCDEMOCHANNEL00000112,Demo video 004,Demo channel 112,Demo channel 112,UCDEMOCHANNEL00000112,Demo channel 112,UCDEMOCHANNEL00000112,388.0,1.78,1920.0,1080.0,1920x1080,30.0,True,False,True,False,5936.0,118.0,17.0,1404.0,20200105,1578182400.0,https://www.youtube.com/watch?v=VID00000004,"[""Demo category""]","[""demo tag 004""]",en,ok,ok,False,True,,False,True,True,True,True,,No error,No error,,No error,False
Alma,2015-07-22 09:37:02.645000+00:00,2015-07-22 11:37:02.645000+02:00,2015-07-22,11,day,True,False,VID00000305,Watched Demo video 305,Demo video 305,Watched,English,https://www.youtube.com/watch?v=VID00000305,Demo channel 078,https://www.youtube.com/channel/UCDEMOCHANNEL00000078,UCDEMOCHANNEL00000078,Demo video 305,Demo channel 078,Demo channel 078,UCDEMOCHANNEL00000078,Demo channel 078,UCDEMOCHANNEL00000078,2253.0,1.78,1920.0,1080.0,1920x1080,30.0,True,False,True,False,308266.0,4283.0,752.0,26149.0,20200906,1599350400.0,https://www.youtube.com/watch?v=VID00000305,"[""Demo category""]","[""demo tag 249""]",en,ok,ok,False,True,,False,True,True,True,True,,No error,No error,,No error,False
Alma,2015-07-20 11:54:30.034000+00:00,2015-07-20 13:54:30.034000+02:00,2015-07-20,13,day,True,False,VID00000133,Watched Demo video 133,Demo video 133,Watched,English,https://www.youtube.com/watch?v=VID00000133,Demo channel 083,https://www.youtube.com/channel/UCDEMOCHANNEL00000083,UCDEMOCHANNEL00000083,Demo video 133,Demo channel 083,Demo channel 083,UCDEMOCHANNEL00000083,Demo channel 083,UCDEMOCHANNEL00000083,673.0,1.78,1920.0,1080.0,1920x1080,30.0,True,False,True,False,135506.0,1903.0,332.0,12009.0,20200419,1587254400.0,https://www.youtube.com/watch?v=VID00000133,"[""Demo category""]","[""demo tag 109""]",en,ok,ok,False,True,,False,True,True,True,True,,No error,No error,,No error,False
Alma,2015-07-17 20:35:04.498000+00:00,2015-07-17 22:35:04.498000+02:00,2015-07-17,22,day,True,False,VID00000217,Watched Demo video 217,Demo video 217,Watched,English,https://www.youtube.com/watch?v=VID00000217,Demo channel 112,https://www.youtube.com/channel/UCDEMOCHANNEL00000112,UCDEMOCHANNEL00000112,Demo video 217,Demo channel 112,Demo channel 112,UCDEMOCHANNEL00000112,Demo channel 112,UCDEMOCHANNEL00000112,3115.0,1.78,1920.0,1080.0,1920x1080,30.0,True,False,True,False,216950.0,3025.0,530.0,18675.0,20200624,1592956800.0,https://www.youtube.com/watch?v=VID00000217,"[""Demo category""]","[""demo tag 175""]",en,ok,ok,False,True,,False,True,True,True,True,,No error,No error,,No error,False
Alma,2015-07-08 21:08:30.889000+00:00,2015-07-08 23:08:30.889000+02:00,2015-07-08,23,day,True,False,VID00000043,Watched Demo video 043,Demo video 043,Watched,English,https://www.youtube.com/watch?v=VID00000043,Demo channel 112,https://www.youtube.com/channel/UCDEMOCHANNEL00000112,UCDEMOCHANNEL00000112,Demo video 043,Demo channel 112,Demo channel 112,UCDEMOCHANNEL00000112,Demo channel 112,UCDEMOCHANNEL00000112,1646.0,1.78,1920.0,1080.0,1920x1080,30.0,True,False,True,False,47892.0,696.0,119.0,4838.0,20200208,1581120000.0,https://www.youtube.com/watch?v=VID00000043,"[""Demo category""]","[""demo tag 038""]",en,ok,ok,False,True,,False,True,True,True,True,,No error,No error,,No error,False
Alma,2015-07-08 01:28:14.035000+00:00,2015-07-08 03:28:14.035000+02:00,2015-07-08,3,night,False,True,VID00000211,Watched Demo video 211,Demo video 211,Watched,English,https://www.youtube.com/watch?v=VID00000211,Demo channel 104,https://www.youtube.com/channel/UCDEMOCHANNEL00000104,UCDEMOCHANNEL00000104,Demo video 211,Demo channel 104,Demo channel 104,UCDEMOCHANNEL00000104,Demo channel 104,UCDEMOCHANNEL00000104,2930.0,1.78,1920.0,1080.0,1920x1080,30.0,True,False,True,False,210780.0,2940.0,515.0,18170.0,20200619,1592524800.0,https://www.youtube.com/watch?v=VID00000211,"[""Demo category""]","[""demo tag 170""]",en,ok,ok,False,True,,False,True,True,True,True,,No error,No error,,No error,False
Alma,2015-06-26 10:27:49.003000+00:00,2015-06-26 12:27:49.003000+02:00,2015-06-26,12,day,True,False,VID00000166,Watched Demo video 166,Demo video 166,Watched,English,https://www.youtube.com/watch?v=VID00000166,,,,,,,,,,,,,,,,False,False,True,False,,,,,,,,,,,error,metadata_error,False,True,,,True,True,False,False,ERROR: [youtube] VID00000166: Video unavailable. This video is no longer available because the YouTube account associated with this video has been terminated.,Video unavailable. This video is no longer available because the YouTube account associated with this video has been terminated.,removed - account terminated,Y,Problematic,True
Alma,2015-06-14 07:13:13.518000+00:00,2015-06-14 09:13:13.518000+02:00,2015-06-14,9,day,True,False,VID00000084,Watched Demo video 084,Demo video 084,Watched,English,https://www.youtube.com/watch?v=VID00000084,Demo channel 122,https://www.youtube.com/channel/UCDEMOCHANNEL00000122,UCDEMOCHANNEL00000122,,,,,Demo channel 122,UCDEMOCHANNEL00000122,,,,,,,False,False,True,False,,,,,,,,,,,error,metadata_error,False,True,,,True,True,False,True,"ERROR: [youtube] VID00000084: Video unavailable. This video contains content from WMG, who has blocked it on copyright grounds",Video unavailable. This video contains content from copyright owner(s) who have blocked it on copyright grounds,removed - copyright claim,Platform external legal action,Removed due to external legal rights,False
Alma,2015-06-11 07:38:53.943000+00:00,2015-06-11 09:38:53.943000+02:00,2015-06-11,9,day,True,False,VID00000287,Watched Demo video 287,Demo video 287,Watched,English,https://www.youtube.com/watch?v=VID00000287,Demo channel 078,https://www.youtube.com/channel/UCDEMOCHANNEL00000078,UCDEMOCHANNEL00000078,Demo video 287,Demo channel 078,Demo channel 078,UCDEMOCHANNEL00000078,Demo channel 078,UCDEMOCHANNEL00000078,1698.0,1.78,1920.0,1080.0,1920x1080,30.0,True,False,True,False,289756.0,4028.0,707.0,24634.0,20200822,1598054400.0,https://www.youtube.com/watch?v=VID00000287,"[""Demo category""]","[""demo tag 234""]",en,ok,ok,True,True,17.0,False,True,True,True,True,,No error,No error,,No error,False
Alma,2015-06-10 20:40:17.439000+00:00,2015-06-10 22:40:17.439000+02:00,2015-06-10,22,day,True,False,VID00000272,Watched Demo video 272,Demo video 272,Watched,English,https://www.youtube.com/watch?v=VID00000272,Demo channel 078,https://www.youtube.com/channel/UCDEMOCHANNEL00000078,UCDEMOCHANNEL00000078,Demo video 272,Demo channel 078,Demo channel 078,UCDEMOCHANNEL00000078,Demo channel 078,UCDEMOCHANNEL00000078,1291.0,1.78,1920.0,1080.0,1920x1080,30.0,True,False,True,False,276182.0,3841.0,674.0,23523.0,20200811,1597104000.0,https://www.youtube.com/watch?v=VID00000272,"[""Demo category""]","[""demo tag 223""]",en,ok,ok,False,True,,False,True,True,True,True,,No error,No error,,No error,False
Alma,2015-06-09 23:08:39.269000+00:00,2015-06-10 01:08:39.269000+02:00,2015-06-10,1,night,False,True,VID00000090,Watched Demo video 090,Demo video 090,Watched,English,https://www.youtube.com/watch?v=VID00000090,,,,,,,,,,,,,,,,False,False,True,False,,,,,,,,,,,error,metadata_error,True,True,44.0,,True,True,False,False,ERROR: [youtube] VID00000090: Private video. Sign in if you've been granted access to this video. Use --cookies-from-browser or --cookies for the authentication. See  https://github.com/yt-dlp/yt-dlp/wiki/FAQ#how-do-i-pass-cookies-to-yt-dlp  for how to manually pass cookies. Also see  https://github.com/yt-dlp/yt-dlp/wiki/Extractors#exporting-youtube-cookies  for tips on effectively exporting YouTube cookies,Private video. Sign in if you've been granted access to this video. Use --cookies-from-browser or --cookies for the authentication. See  https://github.com/yt-dlp/yt-dlp/wiki/FAQ#how-do-i-pass-cookies-to-yt-dlp  for how to manually pass cookies. Also see  https://github.com/yt-dlp/yt-dlp/wiki/Extractors#exporting-youtube-cookies  for tips on effectively exporting YouTube cookies,access management,N,Not problematic,False
Alma,2015-06-08 22:29:45.020000+00:00,2015-06-09 00:29:45.020000+02:00,2015-06-09,0,night,False,True,VID00000277,Watched Demo video 277,Demo video 277,Watched,English,https://www.youtube.com/watch?v=VID00000277,Demo channel 014,https://www.youtube.com/channel/UCDEMOCHANNEL00000014,UCDEMOCHANNEL00000014,Demo video 277,Demo channel 014,Demo channel 014,UCDEMOCHANNEL00000014,Demo channel 014,UCDEMOCHANNEL00000014,1402.0,1.78,1920.0,1080.0,1920x1080,30.0,True,False,True,False,279884.0,3892.0,683.0,23826.0,20200814,1597363200.0,https://www.youtube.com/watch?v=VID00000277,"[""Demo category""]","[""demo tag 226""]",en,ok,ok,False,True,,False,True,True,True,True,,No error,No error,,No error,False
Alma,2015-05-28 09:25:36.357000+00:00,2015-05-28 11:25:36.357000+02:00,2015-05-28,11,day,True,False,VID00000248,Watched Demo video 248,Demo video 248,Watched,English,https://www.youtube.com/watch?v=VID00000248,,,,,,,,,,,,,,,,False,False,True,False,,,,,,,,,,,error,metadata_error,False,True,,,True,True,False,False,ERROR: [youtube] VID00000248: Video unavailable,Video unavailable,unavailable,N,Not problematic,False
Alma,2015-05-28 09:08:32.087000+00:00,2015-05-28 11:08:32.087000+02:00,2015-05-28,11,day,True,False,VID00000290,Watched Demo video 290,Demo video 290,Watched,English,https://www.youtube.com/watch?v=VID00000290,,,,,,,,,,,,,,,,False,False,True,False,,,,,,,,,,,error,metadata_error,False,True,,,True,True,False,False,ERROR: [youtube] VID00000290: Video unavailable,Video unavailable,unavailable,N,Not problematic,False
Alma,2015-05-18 08:50:12.792000+00:00,2015-05-18 10:50:12.792000+02:00,2015-05-18,10,day,True,False,VID00000129,Watched Demo video 129,Demo video 129,Watched,English,https://www.youtube.com/watch?v=VID00000129,Demo channel 084,https://www.youtube.com/channel/UCDEMOCHANNEL00000084,UCDEMOCHANNEL00000084,Demo video 129,Demo channel 084,Demo channel 084,UCDEMOCHANNEL00000084,Demo channel 084,UCDEMOCHANNEL00000084,562.0,1.78,1920.0,1080.0,1920x1080,30.0,True,False,True,False,131804.0,1852.0,323.0,11706.0,20200416,1586995200.0,https://www.youtube.com/watch?v=VID00000129,"[""Demo category""]","[""demo tag 106""]",en,ok,ok,False,True,,False,True,True,True,True,,No error,No error,,No error,False
Alma,2015-05-14 18:38:27.631000+00:00,2015-05-14 20:38:27.631000+02:00,2015-05-14,20,day,True,False,VID00000012,Watched Demo video 012,Demo video 012,Watched,English,https://www.youtube.com/watch?v=VID00000012,Demo channel 056,https://www.youtube.com/channel/UCDEMOCHANNEL00000056,UCDEMOCHANNEL00000056,Demo video 012,Demo channel 056,Demo channel 056,UCDEMOCHANNEL00000056,Demo channel 056,UCDEMOCHANNEL00000056,647.0,1.78,1920.0,1080.0,1920x1080,30.0,True,False,True,False,14574.0,237.0,38.0,2111.0,20200112,1578787200.0,https://www.youtube.com/watch?v=VID00000012,"[""Demo category""]","[""demo tag 011""]",en,ok,ok,True,True,54.0,False,True,True,True,True,,No error,No error,,No error,False
Alma,2015-05-06 03:37:58.807000+00:00,2015-05-06 05:37:58.807000+02:00,2015-05-06,5,night,False,True,VID00000094,Watched Demo video 094,Demo video 094,Watched,English,https://www.youtube.com/watch?v=VID00000094,Demo channel 145,https://www.youtube.com/channel/UCDEMOCHANNEL00000145,UCDEMOCHANNEL00000145,Demo video 094,Demo channel 145,Demo channel 145,UCDEMOCHANNEL00000145,Demo channel 145,UCDEMOCHANNEL00000145,3126.0,1.78,1920.0,1080.0,1920x1080,30.0,True,False,True,False,97252.0,1376.0,239.0,8878.0,20200319,1584576000.0,https://www.youtube.com/watch?v=VID00000094,"[""Demo category""]","[""demo tag 078""]",en,ok,ok,True,True,52.0,False,True,True,True,True,,No error,No error,,No error,False
Alma,2015-05-04 18:04:39.581000+00:00,2015-05-04 20:04:39.581000+02:00,2015-05-04,20,day,True,False,VID00000119,Watched Demo video 119,Demo video 119,Watched,English,https://www.youtube.com/watch?v=VID00000119,Demo channel 121,https://www.youtube.com/channel/UCDEMOCHANNEL00000121,UCDEMOCHANNEL00000121,Demo video 119,Demo channel 121,Demo channel 121,UCDEMOCHANNEL00000121,Demo channel 121,UCDEMOCHANNEL00000121,266.0,1.78,1920.0,1080.0,1920x1080,30.0,True,False,True,False,121932.0,1716.0,299.0,10898.0,20200408,1586304000.0,https://www.youtube.com/watch?v=VID00000119,"[""Demo category""]","[""demo tag 098""]",en,ok,ok,False,True,,False,True,True,True,True,,No error,No error,,No error,False
Alma,2015-05-03 20:42:39.900000+00:00,2015-05-03 22:42:39.900000+02:00,2015-05-03,22,day,True,False,VID00000160,Watched Demo video 160,Demo video 160,Watched,English,https://www.youtube.com/watch?v=VID00000160,Demo channel 084,https://www.youtube.com/channel/UCDEMOCHANNEL00000084,UCDEMOCHANNEL00000084,Demo video 160,Demo channel 084,Demo channel 084,UCDEMOCHANNEL00000084,Demo channel 084,UCDEMOCHANNEL00000084,1524.0,1.78,1920.0,1080.0,1920x1080,30.0,True,False,True,False,163888.0,2294.0,401.0,14332.0,20200512,1589241600.0,https://www.youtube.com/watch?v=VID00000160,"[""Demo category""]","[""demo tag 132""]",en,ok,ok,False,True,,False,True,True,True,True,,No error,No error,,No error,False
Alma,2015-04-21 23:04:21.338000+00:00,2015-04-22 01:04:21.338000+02:00,2015-04-22,1,night,False,True,VID00000042,Watched Demo video 042,Demo video 042,Watched,English,https://www.youtube.com/watch?v=VID00000042,Demo channel 158,https://www.youtube.com/channel/UCDEMOCHANNEL00000158,UCDEMOCHANNEL00000158,Demo video 042,Demo channel 158,Demo channel 158,UCDEMOCHANNEL00000158,Demo channel 158,UCDEMOCHANNEL00000158,1609.0,1.78,1920.0,1080.0,1920x1080,30.0,True,False,True,False,46658.0,679.0,116.0,4737.0,20200207,1581033600.0,https://www.youtube.com/watch?v=VID00000042,"[""Demo category""]","[""demo tag 037""]",en,ok,ok,False,True,,False,True,True,True,True,,No error,No error,,No error,False
Alma,2015-04-21 18:20:17.245000+00:00,2015-04-21 20:20:17.245000+02:00,2015-04-21,20,day,True,False,VID00000104,Watched Demo video 104,Demo video 104,Watched,English,https://www.youtube.com/watch?v=VID00000104,Demo channel 173,https://www.youtube.com/channel/UCDEMOCHANNEL00000173,UCDEMOCHANNEL00000173,Demo video 104,Demo channel 173,Demo channel 173,UCDEMOCHANNEL00000173,Demo channel 173,UCDEMOCHANNEL00000173,3422.0,1.78,1920.0,1080.0,1920x1080,30.0,True,False,True,False,107124.0,1512.0,263.0,9686.0,20200327,1585267200.0,https://www.youtube.com/watch?v=VID00000104,"[""Demo category""]","[""demo tag 086""]",en,ok,ok,False,True,,False,True,True,True,True,,No error,No error,,No error,False
Alma,2015-04-21 15:08:25.529000+00:00,2015-04-21 17:08:25.529000+02:00,2015-04-21,17,day,True,False,VID00000292,Watched Demo video 292,Demo video 292,Watched,English,https://www.youtube.com/watch?v=VID00000292,Demo channel 141,https://www.youtube.com/channel/UCDEMOCHANNEL00000141,UCDEMOCHANNEL00000141,Demo video 292,Demo channel 141,Demo channel 141,UCDEMOCHANNEL00000141,Demo channel 141,UCDEMOCHANNEL00000141,1883.0,1.78,1920.0,1080.0,1920x1080,30.0,True,False,True,False,295926.0,4113.0,722.0,25139.0,20200827,1598486400.0,https://www.youtube.com/watch?v=VID00000292,"[""Demo category""]","[""demo tag 239""]",en,ok,ok,True,True,17.0,False,True,True,True,True,,No error,No error,,No error,False
Alma,2015-03-30 13:56:42.847000+00:00,2015-03-30 15:56:42.847000+02:00,2015-03-30,15,day,True,False,VID00000189,Watched Demo video 189,Demo video 189,Watched,English,https://www.youtube.com/watch?v=VID00000189,Demo channel 180,https://www.youtube.com/channel/UCDEMOCHANNEL00000180,UCDEMOCHANNEL00000180,Demo video 189,Demo channel 180,Demo channel 180,UCDEMOCHANNEL00000180,Demo channel 180,UCDEMOCHANNEL00000180,2338.0,1.78,1920.0,1080.0,1920x1080,30.0,True,False,True,False,191036.0,2668.0,467.0,16554.0,20200603,1591142400.0,https://www.youtube.com/watch?v=VID00000189,"[""Demo category""]","[""demo tag 154""]",en,ok,ok,False,True,,False,True,True,True,True,,No error,No error,,No error,False
Beata,2025-04-01 20:43:25.151000+00:00,2025-04-01 22:43:25.151000+02:00,2025-04-01,22,day,True,False,VID00000072,Watched Demo video 072,Demo video 072,Watched,English,https://www.youtube.com/watch?v=VID00000072,Demo channel 051,https://www.youtube.com/channel/UCDEMOCHANNEL00000051,UCDEMOCHANNEL00000051,Demo video 072,Demo channel 051,Demo channel 051,UCDEMOCHANNEL00000051,Demo channel 051,UCDEMOCHANNEL00000051,2349.0,1.78,1920.0,1080.0,1920x1080,30.0,True,False,True,False,71338.0,1019.0,176.0,6757.0,20200227,1582761600.0,https://www.youtube.com/watch?v=VID00000072,"[""Demo category""]","[""demo tag 057""]",en,ok,ok,False,True,,True,True,True,True,True,,No error,No error,,No error,False
Beata,2025-03-24 06:25:19.719000+00:00,2025-03-24 07:25:19.719000+01:00,2025-03-24,7,day,True,False,VID00000231,Watched Demo video 231,Demo video 231,Watched,English,https://www.youtube.com/watch?v=VID00000231,Demo channel 050,https://www.youtube.com/channel/UCDEMOCHANNEL00000050,UCDEMOCHANNEL00000050,Demo video 231,Demo channel 050,Demo channel 050,UCDEMOCHANNEL00000050,Demo channel 050,UCDEMOCHANNEL00000050,3559.0,1.78,1920.0,1080.0,1920x1080,30.0,True,False,True,False,231758.0,3229.0,566.0,19887.0,20200706,1593993600.0,https://www.youtube.com/watch?v=VID00000231,"[""Demo category""]","[""demo tag 187""]",en,ok,ok,False,True,,True,True,True,True,True,,No error,No error,,No error,False
Beata,2024-12-16 09:33:36.856000+00:00,2024-12-16 10:33:36.856000+01:00,2024-12-16,10,day,True,False,VID00000306,Watched Demo video 306,Demo video 306,Watched,English,https://www.youtube.com/watch?v=VID00000306,Demo channel 155,https://www.youtube.com/channel/UCDEMOCHANNEL00000155,UCDEMOCHANNEL00000155,Demo video 306,Demo channel 155,Demo channel 155,UCDEMOCHANNEL00000155,Demo channel 155,UCDEMOCHANNEL00000155,40.0,0.56,1080.0,1920.0,1080x1920,30.0,True,False,True,False,309500.0,4300.0,755.0,26250.0,20200907,1599436800.0,https://www.youtube.com/watch?v=VID00000306,"[""Demo category""]","[""demo tag 250""]",en,ok,ok,False,True,,True,True,True,True,True,,No error,No error,,No error,False
Beata,2024-11-04 07:56:39.913000+00:00,2024-11-04 08:56:39.913000+01:00,2024-11-04,8,day,True,False,VID00000307,Watched Demo video 307,Demo video 307,Watched,English,https://www.youtube.com/watch?v=VID00000307,Demo channel 123,https://www.youtube.com/channel/UCDEMOCHANNEL00000123,UCDEMOCHANNEL00000123,Demo video 307,Demo channel 123,Demo channel 123,UCDEMOCHANNEL00000123,Demo channel 123,UCDEMOCHANNEL00000123,2327.0,1.78,1920.0,1080.0,1920x1080,30.0,True,False,True,False,310734.0,4317.0,758.0,26351.0,20200908,1599523200.0,https://www.youtube.com/watch?v=VID00000307,"[""Demo category""]","[""demo tag 251""]",en,ok,ok,False,True,,True,True,True,True,True,,No error,No error,,No error,False
Beata,2024-10-28 06:41:15.726000+00:00,2024-10-28 07:41:15.726000+01:00,2024-10-28,7,day,True,False,VID00000295,Watched Demo video 295,Demo video 295,Watched,English,https://www.youtube.com/watch?v=VID00000295,Demo channel 046,https://www.youtube.com/channel/UCDEMOCHANNEL00000046,UCDEMOCHANNEL00000046,Demo video 295,Demo channel 046,Demo channel 046,UCDEMOCHANNEL00000046,Demo channel 046,UCDEMOCHANNEL00000046,1957.0,1.78,1920.0,1080.0,1920x1080,30.0,True,False,True,False,298394.0,4147.0,728.0,25341.0,20200829,1598659200.0,https://www.youtube.com/watch?v=VID00000295,"[""Demo category""]","[""demo tag 241""]",en,ok,ok,False,True,,True,True,True,True,True,,No error,No error,,No error,False
Beata,2024-08-27 08:43:47.705000+00:00,2024-08-27 10:43:47.705000+02:00,2024-08-27,10,day,True,False,VID00000126,Watched Demo video 126,Demo video 126,Watched,English,https://www.youtube.com/watch?v=VID00000126,Demo channel 006,https://www.youtube.com/channel/UCDEMOCHANNEL00000006,UCDEMOCHANNEL00000006,Demo video 126,Demo channel 006,Demo channel 006,UCDEMOCHANNEL00000006,Demo channel 006,UCDEMOCHANNEL00000006,451.0,1.78,1920.0,1080.0,1920x1080,30.0,True,False,True,False,128102.0,1801.0,314.0,11403.0,20200413,1586736000.0,https://www.youtube.com/watch?v=VID00000126,"[""Demo category""]","[""demo tag 103""]",en,ok,ok,False,True,,True,True,True,True,True,,No error,No error,,No error,False
Beata,2024-08-14 09:50:34.656000+00:00,2024-08-14 11:50:34.656000+02:00,2024-08-14,11,day,True,False,VID00000254,Watched Demo video 254,Demo video 254,Watched,English,https://www.youtube.com/watch?v=VID00000254,Demo channel 125,https://www.youtube.com/channel/UCDEMOCHANNEL00000125,UCDEMOCHANNEL00000125,Demo video 254,Demo channel 125,Demo channel 125,UCDEMOCHANNEL00000125,Demo channel 125,UCDEMOCHANNEL00000125,736.0,1.78,1920.0,1080.0,1920x1080,30.0,True,False,True,False,257672.0,3586.0,629.0,22008.0,20200727,1595808000.0,https://www.youtube.com/watch?v=VID00000254,"[""Demo category""]","[""demo tag 208""]",en,ok,ok,False,True,,True,True,True,True,True,,No error,No error,,No error,False
Beata,2024-08-07 11:16:22.893000+00:00,2024-08-07 13:16:22.893000+02:00,2024-08-07,13,day,True,False,VID00000125,Watched Demo video 125,Demo video 125,Watched,English,https://www.youtube.com/watch?v=VID00000125,Demo channel 008,https://www.youtube.com/channel/UCDEMOCHANNEL00000008,UCDEMOCHANNEL00000008,Demo video 125,Demo channel 008,Demo channel 008,UCDEMOCHANNEL00000008,Demo channel 008,UCDEMOCHANNEL00000008,132.0,0.56,1080.0,1920.0,1080x1920,30.0,True,False,True,False,126868.0,1784.0,311.0,11302.0,20200412,1586649600.0,https://www.youtube.com/watch?v=VID00000125,"[""Demo category""]","[""demo tag 102""]",en,ok,ok,False,True,,True,True,True,True,True,,No error,No error,,No error,False
Beata,2024-05-16 09:08:26.727000+00:00,2024-05-16 11:08:26.727000+02:00,2024-05-16,11,day,True,False,VID00000284,Watched Demo video 284,Demo video 284,Watched,English,https://www.youtube.com/watch?v=VID00000284,Demo channel 159,https://www.youtube.com/channel/UCDEMOCHANNEL00000159,UCDEMOCHANNEL00000159,Demo video 284,Demo channel 159,Demo channel 159,UCDEMOCHANNEL00000159,Demo channel 159,UCDEMOCHANNEL00000159,141.0,0.56,1080.0,1920.0,1080x1920,30.0,True,False,True,False,286054.0,3977.0,698.0,24331.0,20200819,1597795200.0,https://www.youtube.com/watch?v=VID00000284,"[""Demo category""]","[""demo tag 231""]",en,ok,ok,False,True,,True,True,True,True,True,,No error,No error,,No error,False
Beata,2024-04-11 05:10:43.316000+00:00,2024-04-11 07:10:43.316000+02:00,2024-04-11,7,day,True,False,VID00000130,Watched Demo video 130,Demo video 130,Watched,English,https://www.youtube.com/watch?v=VID00000130,Demo channel 080,https://www.youtube.com/channel/UCDEMOCHANNEL00000080,UCDEMOCHANNEL00000080,,,,,Demo channel 080,UCDEMOCHANNEL00000080,,,,,,,False,False,True,False,,,,,,,,,,,error,metadata_error,True,True,28.0,,True,True,False,True,ERROR: Unable to download video subtitles for 'en': HTTP Error 429: Too Many Requests,ERROR: Unable to download video subtitles for 'en': HTTP Error 429: Too Many Requests,access management,N,Not problematic,False
Beata,2024-04-11 05:09:26.643000+00:00,2024-04-11 07:09:26.643000+02:00,2024-04-11,7,day,True,False,VID00000063,Watched Demo video 063,Demo video 063,Watched,English,https://www.youtube.com/watch?v=VID00000063,Demo channel 080,https://www.youtube.com/channel/UCDEMOCHANNEL00000080,UCDEMOCHANNEL00000080,,,,,Demo channel 080,UCDEMOCHANNEL00000080,,,,,,,False,False,True,False,,,,,,,,,,,error,metadata_error,True,True,10.0,,True,True,False,True,ERROR: Unable to download video subtitles for 'en': HTTP Error 429: Too Many Requests,ERROR: Unable to download video subtitles for 'en': HTTP Error 429: Too Many Requests,access management,N,Not problematic,False
Beata,2024-02-20 14:45:57.206000+00:00,2024-02-20 15:45:57.206000+01:00,2024-02-20,15,day,True,False,VID00000235,Watched Demo video 235,Demo video 235,Watched,English,https://www.youtube.com/watch?v=VID00000235,Demo channel 052,https://www.youtube.com/channel/UCDEMOCHANNEL00000052,UCDEMOCHANNEL00000052,Demo video 235,Demo channel 052,Demo channel 052,UCDEMOCHANNEL00000052,Demo channel 052,UCDEMOCHANNEL00000052,3670.0,1.78,1920.0,1080.0,1920x1080,30.0,True,False,True,False,235460.0,3280.0,575.0,20190.0,20200709,1594252800.0,https://www.youtube.com/watch?v=VID00000235,"[""Demo category""]","[""demo tag 190""]",en,ok,ok,False,True,,False,True,True,True,True,,No error,No error,,No error,False
Beata,2024-02-20 14:40:57.471000+00:00,2024-02-20 15:40:57.471000+01:00,2024-02-20,15,day,True,False,VID00000073,Watched Demo video 073,Demo video 073,Watched,English,https://www.youtube.com/watch?v=VID00000073,Demo channel 013,https://www.youtube.com/channel/UCDEMOCHANNEL00000013,UCDEMOCHANNEL00000013,Demo video 073,Demo channel 013,Demo channel 013,UCDEMOCHANNEL00000013,Demo channel 013,UCDEMOCHANNEL00000013,2386.0,1.78,1920.0,1080.0,1920x1080,30.0,True,False,True,False,72572.0,1036.0,179.0,6858.0,20200228,1582848000.0,https://www.youtube.com/watch?v=VID00000073,"[""Demo category""]","[""demo tag 058""]",en,ok,ok,False,True,,False,True,True,True,True,,No error,No error,,No error,False
Beata,2023-11-23 16:32:26.746000+00:00,2023-11-23 17:32:26.746000+01:00,2023-11-23,17,day,True,False,VID00000021,Watched Demo video 021,Demo video 021,Watched,English,https://www.youtube.com/watch?v=VID00000021,Demo channel 074,https://www.youtube.com/channel/UCDEMOCHANNEL00000074,UCDEMOCHANNEL00000074,Demo video 021,Demo channel 074,Demo channel 074,UCDEMOCHANNEL00000074,Demo channel 074,UCDEMOCHANNEL00000074,980.0,1.78,1920.0,1080.0,1920x1080,30.0,True,False,True,False,25680.0,390.0,65.0,3020.0,20200121,1579564800.0,https://www.youtube.com/watch?v=VID00000021,"[""Demo category""]","[""demo tag 020""]",en,ok,ok,False,True,,False,True,True,True,True,,No error,No error,,No error,False
Beata,2023-11-20 20:59:33.868000+00:00,2023-11-20 21:59:33.868000+01:00,2023-11-20,21,day,True,False,VID00000062,Watched Demo video 062,Demo video 062,Watched,English,https://www.youtube.com/watch?v=VID00000062,Demo channel 136,https://www.youtube.com/channel/UCDEMOCHANNEL00000136,UCDEMOCHANNEL00000136,Demo video 062,Demo channel 136,Demo channel 136,UCDEMOCHANNEL00000136,Demo channel 136,UCDEMOCHANNEL00000136,2164.0,1.78,1920.0,1080.0,1920x1080,30.0,True,False,True,False,65168.0,934.0,161.0,6252.0,20200222,1582329600.0,https://www.youtube.com/watch?v=VID00000062,"[""Demo category""]","[""demo tag 052""]",en,ok,ok,False,True,,False,True,True,True,True,,No error,No error,,No error,False
Beata,2023-11-20 19:11:55.139000+00:00,2023-11-20 20:11:55.139000+01:00,2023-11-20,20,day,True,False,VID00000251,Watched Demo video 251,Demo video 251,Watched,English,https://www.youtube.com/watch?v=VID00000251,Demo channel 025,https://www.youtube.com/channel/UCDEMOCHANNEL00000025,UCDEMOCHANNEL00000025,Demo video 251,Demo channel 025,Demo channel 025,UCDEMOCHANNEL00000025,Demo channel 025,UCDEMOCHANNEL00000025,115.0,0.56,1080.0,1920.0,1080x1920,30.0,True,False,True,False,253970.0,3535.0,620.0,21705.0,20200724,1595548800.0,https://www.youtube.com/watch?v=VID00000251,"[""Demo category""]","[""demo tag 205""]",en,ok,ok,False,True,,False,True,True,True,True,,No error,No error,,No error,False
Beata,2023-07-06 07:33:05.046000+00:00,2023-07-06 09:33:05.046000+02:00,2023-07-06,9,day,True,False,VID00000013,Watched Demo video 013,Demo video 013,Watched,English,https://www.youtube.com/watch?v=VID00000013,Demo channel 097,https://www.youtube.com/channel/UCDEMOCHANNEL00000097,UCDEMOCHANNEL00000097,Demo video 013,Demo channel 097,Demo channel 097,UCDEMOCHANNEL00000097,Demo channel 097,UCDEMOCHANNEL00000097,684.0,1.78,1920.0,1080.0,1920x1080,30.0,True,False,True,False,15808.0,254.0,41.0,2212.0,20200113,1578873600.0,https://www.youtube.com/watch?v=VID00000013,"[""Demo category""]","[""demo tag 012""]",en,ok,ok,False,True,,False,True,True,True,True,,No error,No error,,No error,False
Beata,2023-02-23 18:59:22.783000+00:00,2023-02-23 19:59:22.783000+01:00,2023-02-23,19,day,True,False,VID00000158,Watched Demo video 158,Demo video 158,Watched,English,https://www.youtube.com/watch?v=VID00000158,Demo channel 131,https://www.youtube.com/channel/UCDEMOCHANNEL00000131,UCDEMOCHANNEL00000131,Demo video 158,Demo channel 131,Demo channel 131,UCDEMOCHANNEL00000131,Demo channel 131,UCDEMOCHANNEL00000131,1450.0,1.78,1920.0,1080.0,1920x1080,30.0,True,False,True,False,161420.0,2260.0,395.0,14130.0,20200510,1589068800.0,https://www.youtube.com/watch?v=VID00000158,"[""Demo category""]","[""demo tag 130""]",en,ok,ok,True,True,10.0,False,True,True,True,True,,No error,No error,,No error,False
Beata,2023-01-18 16:31:31.405000+00:00,2023-01-18 17:31:31.405000+01:00,2023-01-18,17,day,True,False,VID00000006,Watched Demo video 006,Demo video 006,Watched,English,https://www.youtube.com/watch?v=VID00000006,Demo channel 058,https://www.youtube.com/channel/UCDEMOCHANNEL00000058,UCDEMOCHANNEL00000058,Demo video 006,Demo channel 058,Demo channel 058,UCDEMOCHANNEL00000058,Demo channel 058,UCDEMOCHANNEL00000058,462.0,1.78,1920.0,1080.0,1920x1080,30.0,True,False,True,False,8404.0,152.0,23.0,1606.0,20200107,1578355200.0,https://www.youtube.com/watch?v=VID00000006,"[""Demo category""]","[""demo tag 006""]",en,ok,ok,False,True,,False,True,True,True,True,,No error,No error,,No error,False
Beata,2023-01-17 08:34:14.268000+00:00,2023-01-17 09:34:14.268000+01:00,2023-01-17,9,day,True,False,VID00000212,Watched Demo video 212,Demo video 212,Watched,English,https://www.youtube.com/watch?v=VID00000212,Demo channel 094,https://www.youtube.com/channel/UCDEMOCHANNEL00000094,UCDEMOCHANNEL00000094,,,,,Demo channel 094,UCDEMOCHANNEL00000094,,,,,,,False,False,True,False,,,,,,,,,,,error,metadata_error,False,True,,,True,True,False,True,ERROR: Unable to download video subtitles for 'en': HTTP Error 429: Too Many Requests,ERROR: Unable to download video subtitles for 'en': HTTP Error 429: Too Many Requests,access management,N,Not problematic,False
Beata,2022-11-13 13:12:35.587000+00:00,2022-11-13 14:12:35.587000+01:00,2022-11-13,14,day,True,False,VID00000032,Watched Demo video 032,Demo video 032,Watched,English,https://www.youtube.com/watch?v=VID00000032,Demo channel 132,https://www.youtube.com/channel/UCDEMOCHANNEL00000132,UCDEMOCHANNEL00000132,Demo video 032,Demo channel 132,Demo channel 132,UCDEMOCHANNEL00000132,Demo channel 132,UCDEMOCHANNEL00000132,1313.0,1.78,1920.0,1080.0,1920x1080,30.0,True,False,True,False,36786.0,543.0,92.0,3929.0,20200130,1580342400.0,https://www.youtube.com/watch?v=VID00000032,"[""Demo category""]","[""demo tag 029""]",en,ok,ok,False,True,,False,True,True,True,True,,No error,No error,,No error,False
Beata,2022-11-04 16:05:57.852000+00:00,2022-11-04 17:05:57.852000+01:00,2022-11-04,17,day,True,False,VID00000159,Watched Demo video 159,Demo video 159,Watched,English,https://www.youtube.com/watch?v=VID00000159,Demo channel 045,https://www.youtube.com/channel/UCDEMOCHANNEL00000045,UCDEMOCHANNEL00000045,Demo video 159,Demo channel 045,Demo channel 045,UCDEMOCHANNEL00000045,Demo channel 045,UCDEMOCHANNEL00000045,1487.0,1.78,1920.0,1080.0,1920x1080,30.0,True,False,True,False,162654.0,2277.0,398.0,14231.0,20200511,1589155200.0,https://www.youtube.com/watch?v=VID00000159,"[""Demo category""]","[""demo tag 131""]",en,ok,ok,False,True,,False,True,True,True,True,,No error,No error,,No error,False
Beata,2022-10-20 09:33:57.875000+00:00,2022-10-20 11:33:57.875000+02:00,2022-10-20,11,day,True,False,VID00000298,Watched Demo video 298,Demo video 298,Watched,English,https://www.youtube.com/watch?v=VID00000298,Demo channel 037,https://www.youtube.com/channel/UCDEMOCHANNEL00000037,UCDEMOCHANNEL00000037,Demo video 298,Demo channel 037,Demo channel 037,UCDEMOCHANNEL00000037,Demo channel 037,UCDEMOCHANNEL00000037,2068.0,1.78,1920.0,1080.0,1920x1080,30.0,True,False,True,False,302096.0,4198.0,737.0,25644.0,20200901,1598918400.0,https://www.youtube.com/watch?v=VID00000298,"[""Demo category""]","[""demo tag 244""]",en,ok,ok,False,True,,False,True,True,True,True,,No error,No error,,No error,False
Beata,2022-10-18 12:02:57.892000+00:00,2022-10-18 14:02:57.892000+02:00,2022-10-18,14,day,True,False,VID00000263,Watched Demo video 263,Demo video 263,Watched,English,https://www.youtube.com/watch?v=VID00000263,Demo channel 115,https://www.youtube.com/channel/UCDEMOCHANNEL00000115,UCDEMOCHANNEL00000115,Demo video 263,Demo channel 115,Demo channel 115,UCDEMOCHANNEL00000115,Demo channel 115,UCDEMOCHANNEL00000115,1069.0,1.78,1920.0,1080.0,1920x1080,30.0,True,False,True,False,268778.0,3739.0,656.0,22917.0,20200805,1596585600.0,https://www.youtube.com/watch?v=VID00000263,"[""Demo category""]","[""demo tag 217""]",en,ok,ok,True,True,50.0,False,True,True,True,True,,No error,No error,,No error,False
Beata,2022-06-17 14:48:48.653000+00:00,2022-06-17 16:48:48.653000+02:00,2022-06-17,16,day,True,False,VID00000016,Watched Demo video 016,Demo video 016,Watched,English,https://www.youtube.com/watch?v=VID00000016,Demo channel 099,https://www.youtube.com/channel/UCDEMOCHANNEL00000099,UCDEMOCHANNEL00000099,Demo video 016,Demo channel 099,Demo channel 099,UCDEMOCHANNEL00000099,Demo channel 099,UCDEMOCHANNEL00000099,45.0,0.56,1080.0,1920.0,1080x1920,30.0,True,False,True,False,19510.0,305.0,50.0,2515.0,20200116,1579132800.0,https://www.youtube.com/watch?v=VID00000016,"[""Demo category""]","[""demo tag 015""]",en,ok,ok,False,True,,False,True,True,True,True,,No error,No error,,No error,False
Beata,2022-01-14 17:07:11.835000+00:00,2022-01-14 18:07:11.835000+01:00,2022-01-14,18,day,True,False,VID00000249,Watched Demo video 249,Demo video 249,Watched,English,https://www.youtube.com/watch?v=VID00000249,Demo channel 009,https://www.youtube.com/channel/UCDEMOCHANNEL00000009,UCDEMOCHANNEL00000009,Demo video 249,Demo channel 009,Demo channel 009,UCDEMOCHANNEL00000009,Demo channel 009,UCDEMOCHANNEL00000009,551.0,1.78,1920.0,1080.0,1920x1080,30.0,True,False,True,False,251502.0,3501.0,614.0,21503.0,20200722,1595376000.0,https://www.youtube.com/watch?v=VID00000249,"[""Demo category""]","[""demo tag 203""]",en,ok,ok,False,True,,False,True,True,True,True,,No error,No error,,No error,False
Beata,2021-12-17 11:22:22.634000+00:00,2021-12-17 12:22:22.634000+01:00,2021-12-17,12,day,True,False,VID00000074,Watched Demo video 074,Demo video 074,Watched,English,https://www.youtube.com/watch?v=VID00000074,Demo channel 066,https://www.youtube.com/channel/UCDEMOCHANNEL00000066,UCDEMOCHANNEL00000066,Demo video 074,Demo channel 066,Demo channel 066,UCDEMOCHANNEL00000066,Demo channel 066,UCDEMOCHANNEL00000066,2423.0,1.78,1920.0,1080.0,1920x1080,30.0,True,False,True,False,73806.0,1053.0,182.0,6959.0,20200229,1582934400.0,https://www.youtube.com/watch?v=VID00000074,"[""Demo category""]","[""demo tag 059""]",en,ok,ok,False,True,,False,True,True,True,True,,No error,No error,,No error,False
Beata,2021-07-29 11:42:19.505000+00:00,2021-07-29 13:42:19.505000+02:00,2021-07-29,13,day,True,False,VID00000276,Watched Demo video 276,Demo video 276,Watched,English,https://www.youtube.com/watch?v=VID00000276,Demo channel 076,https://www.youtube.com/channel/UCDEMOCHANNEL00000076,UCDEMOCHANNEL00000076,Demo video 276,Demo channel 076,Demo channel 076,UCDEMOCHANNEL00000076,Demo channel 076,UCDEMOCHANNEL00000076,1365.0,1.78,1920.0,1080.0,1920x1080,30.0,True,False,True,False,278650.0,3875.0,680.0,23725.0,20200813,1597276800.0,https://www.youtube.com/watch?v=VID00000276,"[""Demo category""]","[""demo tag 225""]",en,ok,ok,False,True,,False,True,True,True,True,,No error,No error,,No error,False
Beata,2020-10-27 09:02:58.177000+00:00,2020-10-27 10:02:58.177000+01:00,2020-10-27,10,day,True,False,VID00000135,Watched Demo video 135,Demo video 135,Watched,English,https://www.youtube.com/watch?v=VID00000135,Demo channel 022,https://www.youtube.com/channel/UCDEMOCHANNEL00000022,UCDEMOCHANNEL00000022,Demo video 135,Demo channel 022,Demo channel 022,UCDEMOCHANNEL00000022,Demo channel 022,UCDEMOCHANNEL00000022,747.0,1.78,1920.0,1080.0,1920x1080,30.0,True,False,True,False,137974.0,1937.0,338.0,12211.0,20200421,1587427200.0,https://www.youtube.com/watch?v=VID00000135,"[""Demo category""]","[""demo tag 111""]",en,ok,ok,False,True,,False,True,True,True,True,,No error,No error,,No error,False
Beata,2020-08-24 12:52:10.188000+00:00,2020-08-24 14:52:10.188000+02:00,2020-08-24,14,day,True,False,VID00000253,Watched Demo video 253,Demo video 253,Watched,English,https://www.youtube.com/watch?v=VID00000253,Demo channel 107,https://www.youtube.com/channel/UCDEMOCHANNEL00000107,UCDEMOCHANNEL00000107,,,,,Demo channel 107,UCDEMOCHANNEL00000107,,,,,,,False,False,True,False,,,,,,,,,,,error,metadata_error,True,True,43.0,,True,True,False,True,ERROR: [youtube] VID00000253: This video is not available,Video unavailable. This video is not available,unavailable,N,Not problematic,False
Beata,2020-04-21 19:11:54.784000+00:00,2020-04-21 21:11:54.784000+02:00,2020-04-21,21,day,True,False,VID00000214,Watched Demo video 214,Demo video 214,Watched,English,https://www.youtube.com/watch?v=VID00000214,Demo channel 019,https://www.youtube.com/channel/UCDEMOCHANNEL00000019,UCDEMOCHANNEL00000019,Demo video 214,Demo channel 019,Demo channel 019,UCDEMOCHANNEL00000019,Demo channel 019,UCDEMOCHANNEL00000019,3041.0,1.78,1920.0,1080.0,1920x1080,30.0,True,False,True,False,214482.0,2991.0,524.0,18473.0,20200622,1592784000.0,https://www.youtube.com/watch?v=VID00000214,"[""Demo category""]","[""demo tag 173""]",en,ok,ok,False,True,,False,True,True,True,True,,No error,No error,,No error,False
Beata,2020-04-17 08:14:43.738000+00:00,2020-04-17 10:14:43.738000+02:00,2020-04-17,10,day,True,False,VID00000044,Watched Demo video 044,Demo video 044,Watched,English,https://www.youtube.com/watch?v=VID00000044,Demo channel 071,https://www.youtube.com/channel/UCDEMOCHANNEL00000071,UCDEMOCHANNEL00000071,Demo video 044,Demo channel 071,Demo channel 071,UCDEMOCHANNEL00000071,Demo channel 071,UCDEMOCHANNEL00000071,1683.0,1.78,1920.0,1080.0,1920x1080,30.0,True,False,True,False,49126.0,713.0,122.0,4939.0,20200209,1581206400.0,https://www.youtube.com/watch?v=VID00000044,"[""Demo category""]","[""demo tag 039""]",en,ok,ok,True,True,55.0,False,True,True,True,True,,No error,No error,,No error,False
Beata,2020-03-29 18:22:16.812000+00:00,2020-03-29 20:22:16.812000+02:00,2020-03-29,20,day,True,False,VID00000169,Watched Demo video 169,Demo video 169,Watched,English,https://www.youtube.com/watch?v=VID00000169,Demo channel 064,https://www.youtube.com/channel/UCDEMOCHANNEL00000064,UCDEMOCHANNEL00000064,Demo video 169,Demo channel 064,Demo channel 064,UCDEMOCHANNEL00000064,Demo channel 064,UCDEMOCHANNEL00000064,1820.0,1.78,1920.0,1080.0,1920x1080,30.0,True,False,True,False,173760.0,2430.0,425.0,15140.0,20200520,1589932800.0,https://www.youtube.com/watch?v=VID00000169,"[""Demo category""]","[""demo tag 140""]",en,ok,ok,False,True,,False,True,True,True,True,,No error,No error,,No error,False
Beata,2020-03-23 11:10:22.309000+00:00,2020-03-23 12:10:22.309000+01:00,2020-03-23,12,day,True,False,VID00000282,Watched Demo video 282,Demo video 282,Watched,English,https://www.youtube.com/watch?v=VID00000282,Demo channel 168,https://www.youtube.com/channel/UCDEMOCHANNEL00000168,UCDEMOCHANNEL00000168,Demo video 282,Demo channel 168,Demo channel 168,UCDEMOCHANNEL00000168,Demo channel 168,UCDEMOCHANNEL00000168,1513.0,1.78,1920.0,1080.0,1920x1080,30.0,True,False,True,False,283586.0,3943.0,692.0,24129.0,20200817,1597622400.0,https://www.youtube.com/watch?v=VID00000282,"[""Demo category""]","[""demo tag 229""]",en,ok,ok,False,True,,False,True,True,True,True,,No error,No error,,No error,False
Beata,2020-02-16 14:41:19.137000+00:00,2020-02-16 15:41:19.137000+01:00,2020-02-16,15,day,True,False,VID00000076,Watched Demo video 076,Demo video 076,Watched,English,https://www.youtube.com/watch?v=VID00000076,Demo channel 127,https://www.youtube.com/channel/UCDEMOCHANNEL00000127,UCDEMOCHANNEL00000127,Demo video 076,Demo channel 127,Demo channel 127,UCDEMOCHANNEL00000127,Demo channel 127,UCDEMOCHANNEL00000127,2497.0,1.78,1920.0,1080.0,1920x1080,30.0,True,False,True,False,76274.0,1087.0,188.0,7161.0,20200302,1583107200.0,https://www.youtube.com/watch?v=VID00000076,"[""Demo category""]","[""demo tag 061""]",en,ok,ok,False,True,,False,True,True,True,True,,No error,No error,,No error,False
Beata,2019-10-23 18:27:27.889000+00:00,2019-10-23 20:27:27.889000+02:00,2019-10-23,20,day,True,False,VID00000300,Watched Demo video 300,Demo video 300,Watched,English,https://www.youtube.com/watch?v=VID00000300,Demo channel 166,https://www.youtube.com/channel/UCDEMOCHANNEL00000166,UCDEMOCHANNEL00000166,Demo video 300,Demo channel 166,Demo channel 166,UCDEMOCHANNEL00000166,Demo channel 166,UCDEMOCHANNEL00000166,2142.0,1.78,1920.0,1080.0,1920x1080,30.0,True,False,True,False,304564.0,4232.0,743.0,25846.0,20200903,1599091200.0,https://www.youtube.com/watch?v=VID00000300,"[""Demo category""]","[""demo tag 246""]",en,ok,ok,False,True,,False,True,True,True,True,,No error,No error,,No error,False
Beata,2019-05-29 12:15:25.803000+00:00,2019-05-29 14:15:25.803000+02:00,2019-05-29,14,day,True,False,VID00000005,Watched Demo video 005,Demo video 005,Watched,English,https://www.youtube.com/watch?v=VID00000005,Demo channel 028,https://www.youtube.com/channel/UCDEMOCHANNEL00000028,UCDEMOCHANNEL00000028,,,,,Demo channel 028,UCDEMOCHANNEL00000028,,,,,,,False,False,True,False,,,,,,,,,,,error,metadata_error,False,True,,,True,True,False,True,ERROR: Unable to download video subtitles for 'en': HTTP Error 429: Too Many Requests,ERROR: Unable to download video subtitles for 'en': HTTP Error 429: Too Many Requests,access management,N,Not problematic,False
Beata,2019-05-09 09:13:03.763000+00:00,2019-05-09 11:13:03.763000+02:00,2019-05-09,11,day,True,False,VID00000037,Watched Demo video 037,Demo video 037,Watched,English,https://www.youtube.com/watch?v=VID00000037,Demo channel 040,https://www.youtube.com/channel/UCDEMOCHANNEL00000040,UCDEMOCHANNEL00000040,Demo video 037,Demo channel 040,Demo channel 040,UCDEMOCHANNEL00000040,Demo channel 040,UCDEMOCHANNEL00000040,1461.0,1.78,1920.0,1080.0,1920x1080,30.0,True,False,True,False,41722.0,611.0,104.0,4333.0,20200203,1580688000.0,https://www.youtube.com/watch?v=VID00000037,"[""Demo category""]","[""demo tag 033""]",en,ok,ok,False,True,,False,True,True,True,True,,No error,No error,,No error,False
Beata,2019-05-09 08:53:53.952000+00:00,2019-05-09 10:53:53.952000+02:00,2019-05-09,10,day,True,False,VID00000113,Watched Demo video 113,Demo video 113,Watched,English,https://www.youtube.com/watch?v=VID00000113,Demo channel 004,https://www.youtube.com/channel/UCDEMOCHANNEL00000004,UCDEMOCHANNEL00000004,Demo video 113,Demo channel 004,Demo channel 004,UCDEMOCHANNEL00000004,Demo channel 004,UCDEMOCHANNEL00000004,3681.0,1.78,1920.0,1080.0,1920x1080,30.0,True,False,True,False,115762.0,1631.0,284.0,10393.0,20200403,1585872000.0,https://www.youtube.com/watch?v=VID00000113,"[""Demo category""]","[""demo tag 093""]",en,ok,ok,False,True,,False,True,True,True,True,,No error,No error,,No error,False
Beata,2019-03-16 20:46:51.914000+00:00,2019-03-16 21:46:51.914000+01:00,2019-03-16,21,day,True,False,VID00000033,Watched Demo video 033,Demo video 033,Watched,English,https://www.youtube.com/watch?v=VID00000033,Demo channel 169,https://www.youtube.com/channel/UCDEMOCHANNEL00000169,UCDEMOCHANNEL00000169,,,,,Demo channel 169,UCDEMOCHANNEL00000169,,,,,,,False,False,True,False,,,,,,,,,,,error,metadata_error,False,True,,,True,True,False,True,ERROR: Unable to download video subtitles for 'en': HTTP Error 429: Too Many Requests,ERROR: Unable to download video subtitles for 'en': HTTP Error 429: Too Many Requests,access management,N,Not problematic,False
Beata,2019-01-26 02:24:10.309000+00:00,2019-01-26 03:24:10.309000+01:00,2019-01-26,3,night,False,True,VID00000286,Watched Demo video 286,Demo video 286,Watched,English,https://www.youtube.com/watch?v=VID00000286,Demo channel 139,https://www.youtube.com/channel/UCDEMOCHANNEL00000139,UCDEMOCHANNEL00000139,,,,,Demo channel 139,UCDEMOCHANNEL00000139,,,,,,,False,False,True,False,,,,,,,,,,,error,metadata_error,False,True,,,True,True,False,True,ERROR: Unable to download video subtitles for 'en': HTTP Error 429: Too Many Requests,ERROR: Unable to download video subtitles for 'en': HTTP Error 429: Too Many Requests,access management,N,Not problematic,False
Beata,2018-04-03 22:46:19.677000+00:00,2018-04-04 00:46:19.677000+02:00,2018-04-04,0,night,False,True,VID00000223,Watched Demo video 223,Demo video 223,Watched,English,https://www.youtube.com/watch?v=VID00000223,Demo channel 005,https://www.youtube.com/channel/UCDEMOCHANNEL00000005,UCDEMOCHANNEL00000005,Demo video 223,Demo channel 005,Demo channel 005,UCDEMOCHANNEL00000005,Demo channel 005,UCDEMOCHANNEL00000005,3263.0,1.78,1920.0,1080.0,1920x1080,30.0,True,False,True,False,221886.0,3093.0,542.0,19079.0,20200628,1593302400.0,https://www.youtube.com/watch?v=VID00000223,"[""Demo category""]","[""demo tag 179""]",en,ok,ok,False,True,,False,True,True,True,True,,No error,No error,,No error,False
Beata,2018-02-24 19:27:06.132000+00:00,2018-02-24 20:27:06.132000+01:00,2018-02-24,20,day,True,False,VID00000001,Watched Demo video 001,Demo video 001,Watched,English,https://www.youtube.com/watch?v=VID00000001,Demo channel 154,https://www.youtube.com/channel/UCDEMOCHANNEL00000154,UCDEMOCHANNEL00000154,Demo video 001,Demo channel 154,Demo channel 154,UCDEMOCHANNEL00000154,Demo channel 154,UCDEMOCHANNEL00000154,277.0,1.78,1920.0,1080.0,1920x1080,30.0,True,False,True,False,2234.0,67.0,8.0,1101.0,20200102,1577923200.0,https://www.youtube.com/watch?v=VID00000001,"[""Demo category""]","[""demo tag 001""]",en,ok,ok,False,True,,False,True,True,True,True,,No error,No error,,No error,False
Beata,2018-02-22 11:05:51.971000+00:00,2018-02-22 12:05:51.971000+01:00,2018-02-22,12,day,True,False,VID00000174,Watched Demo video 174,Demo video 174,Watched,English,https://www.youtube.com/watch?v=VID00000174,Demo channel 118,https://www.youtube.com/channel/UCDEMOCHANNEL00000118,UCDEMOCHANNEL00000118,Demo video 174,Demo channel 118,Demo channel 118,UCDEMOCHANNEL00000118,Demo channel 118,UCDEMOCHANNEL00000118,1931.0,1.78,1920.0,1080.0,1920x1080,30.0,True,False,True,False,177462.0,2481.0,434.0,15443.0,20200523,1590192000.0,https://www.youtube.com/watch?v=VID00000174,"[""Demo category""]","[""demo tag 143""]",en,ok,ok,False,True,,False,True,True,True,True,,No error,No error,,No error,False
Beata,2018-01-16 15:42:23.521000+00:00,2018-01-16 16:42:23.521000+01:00,2018-01-16,16,day,True,False,VID00000009,Watched Demo video 009,Demo video 009,Watched,English,https://www.youtube.com/watch?v=VID00000009,,,,,,,,,,,,,,,,False,False,True,False,,,,,,,,,,,error,metadata_error,True,True,32.0,,True,True,False,False,ERROR: [youtube] VID00000009: Video unavailable. This video is no longer available because the YouTube account associated with this video has been terminated.,Video unavailable. This video is no longer available because the YouTube account associated with this video has been terminated.,removed - account terminated,Y,Problematic,True
Beata,2017-11-27 14:56:57.406000+00:00,2017-11-27 15:56:57.406000+01:00,2017-11-27,15,day,True,False,VID00000116,Watched Demo video 116,Demo video 116,Watched,English,https://www.youtube.com/watch?v=VID00000116,Demo channel 154,https://www.youtube.com/channel/UCDEMOCHANNEL00000154,UCDEMOCHANNEL00000154,,,,,Demo channel 154,UCDEMOCHANNEL00000154,,,,,,,False,False,True,False,,,,,,,,,,,error,metadata_error,False,True,,,True,True,False,True,ERROR: [youtube] VID00000116: Private video. Sign in if you've been granted access to this video. Use --cookies-from-browser or --cookies for the authentication. See  https://github.com/yt-dlp/yt-dlp/wiki/FAQ#how-do-i-pass-cookies-to-yt-dlp  for how to manually pass cookies. Also see  https://github.com/yt-dlp/yt-dlp/wiki/Extractors#exporting-youtube-cookies  for tips on effectively exporting YouTube cookies,Private video. Sign in if you've been granted access to this video. Use --cookies-from-browser or --cookies for the authentication. See  https://github.com/yt-dlp/yt-dlp/wiki/FAQ#how-do-i-pass-cookies-to-yt-dlp  for how to manually pass cookies. Also see  https://github.com/yt-dlp/yt-dlp/wiki/Extractors#exporting-youtube-cookies  for tips on effectively exporting YouTube cookies,access management,N,Not problematic,False
Beata,2017-11-24 11:26:06.519000+00:00,2017-11-24 12:26:06.519000+01:00,2017-11-24,12,day,True,False,VID00000035,Watched Demo video 035,Demo video 035,Watched,English,https://www.youtube.com/watch?v=VID00000035,,,,,,,,,,,,,,,,False,False,True,False,,,,,,,,,,,error,metadata_error,True,True,41.0,,True,True,False,False,ERROR: [youtube] VID00000035: Private video. Sign in if you've been granted access to this video. Use --cookies-from-browser or --cookies for the authentication. See  https://github.com/yt-dlp/yt-dlp/wiki/FAQ#how-do-i-pass-cookies-to-yt-dlp  for how to manually pass cookies. Also see  https://github.com/yt-dlp/yt-dlp/wiki/Extractors#exporting-youtube-cookies  for tips on effectively exporting YouTube cookies,Private video. Sign in if you've been granted access to this video. Use --cookies-from-browser or --cookies for the authentication. See  https://github.com/yt-dlp/yt-dlp/wiki/FAQ#how-do-i-pass-cookies-to-yt-dlp  for how to manually pass cookies. Also see  https://github.com/yt-dlp/yt-dlp/wiki/Extractors#exporting-youtube-cookies  for tips on effectively exporting YouTube cookies,access management,N,Not problematic,False
Beata,2017-06-19 08:52:30.015000+00:00,2017-06-19 10:52:30.015000+02:00,2017-06-19,10,day,True,False,VID00000186,Watched Demo video 186,Demo video 186,Watched,English,https://www.youtube.com/watch?v=VID00000186,Demo channel 084,https://www.youtube.com/channel/UCDEMOCHANNEL00000084,UCDEMOCHANNEL00000084,Demo video 186,Demo channel 084,Demo channel 084,UCDEMOCHANNEL00000084,Demo channel 084,UCDEMOCHANNEL00000084,2264.0,1.78,1920.0,1080.0,1920x1080,30.0,True,False,True,False,188568.0,2634.0,461.0,16352.0,20200601,1590969600.0,https://www.youtube.com/watch?v=VID00000186,"[""Demo category""]","[""demo tag 152""]",en,ok,ok,True,True,8.0,False,True,True,True,True,,No error,No error,,No error,False
Beata,2016-02-17 00:59:41.158000+00:00,2016-02-17 01:59:41.158000+01:00,2016-02-17,1,night,False,True,VID00000142,Watched Demo video 142,Demo video 142,Watched,English,https://www.youtube.com/watch?v=VID00000142,Demo channel 088,https://www.youtube.com/channel/UCDEMOCHANNEL00000088,UCDEMOCHANNEL00000088,Demo video 142,Demo channel 088,Demo channel 088,UCDEMOCHANNEL00000088,Demo channel 088,UCDEMOCHANNEL00000088,932.0,1.78,1920.0,1080.0,1920x1080,30.0,True,False,True,False,144144.0,2022.0,353.0,12716.0,20200426,1587859200.0,https://www.youtube.com/watch?v=VID00000142,"[""Demo category""]","[""demo tag 116""]",en,ok,ok,False,True,,False,True,True,True,True,,No error,No error,,No error,False
Beata,2016-02-17 00:49:30.041000+00:00,2016-02-17 01:49:30.041000+01:00,2016-02-17,1,night,False,True,VID00000089,Watched Demo video 089,Demo video 089,Watched,English,https://www.youtube.com/watch?v=VID00000089,Demo channel 177,https://www.youtube.com/channel/UCDEMOCHANNEL00000177,UCDEMOCHANNEL00000177,Demo video 089,Demo channel 177,Demo channel 177,UCDEMOCHANNEL00000177,Demo channel 177,UCDEMOCHANNEL00000177,2941.0,1.78,1920.0,1080.0,1920x1080,30.0,True,False,True,False,91082.0,1291.0,224.0,8373.0,20200314,1584144000.0,https://www.youtube.com/watch?v=VID00000089,"[""Demo category""]","[""demo tag 073""]",en,ok,ok,True,True,18.0,False,True,True,True,True,,No error,No error,,No error,False
Beata,2016-02-11 06:40:35.038000+00:00,2016-02-11 07:40:35.038000+01:00,2016-02-11,7,day,True,False,VID00000296,Watched Demo video 296,Demo video 296,Watched,English,https://www.youtube.com/watch?v=VID00000296,Demo channel 171,https://www.youtube.com/channel/UCDEMOCHANNEL00000171,UCDEMOCHANNEL00000171,Demo video 296,Demo channel 171,Demo channel 171,UCDEMOCHANNEL00000171,Demo channel 171,UCDEMOCHANNEL00000171,1994.0,1.78,1920.0,1080.0,1920x1080,30.0,True,False,True,False,299628.0,4164.0,731.0,25442.0,20200830,1598745600.0,https://www.youtube.com/watch?v=VID00000296,"[""Demo category""]","[""demo tag 242""]",en,ok,ok,False,True,,False,True,True,True,True,,No error,No error,,No error,False
Beata,2015-11-02 14:53:59.985000+00:00,2015-11-02 15:53:59.985000+01:00,2015-11-02,15,day,True,False,VID00000225,Watched Demo video 225,Demo video 225,Watched,English,https://www.youtube.com/watch?v=VID00000225,Demo channel 075,https://www.youtube.com/channel/UCDEMOCHANNEL00000075,UCDEMOCHANNEL00000075,Demo video 225,Demo channel 075,Demo channel 075,UCDEMOCHANNEL00000075,Demo channel 075,UCDEMOCHANNEL00000075,3337.0,1.78,1920.0,1080.0,1920x1080,30.0,True,False,True,False,224354.0,3127.0,548.0,19281.0,20200630,1593475200.0,https://www.youtube.com/watch?v=VID00000225,"[""Demo category""]","[""demo tag 181""]",en,ok,ok,False,True,,False,True,True,True,True,,No error,No error,,No error,False
Beata,2015-11-02 13:30:06.071000+00:00,2015-11-02 14:30:06.071000+01:00,2015-11-02,14,day,True,False,VID00000027,Watched Demo video 027,Demo video 027,Watched,English,https://www.youtube.com/watch?v=VID00000027,Demo channel 012,https://www.youtube.com/channel/UCDEMOCHANNEL00000012,UCDEMOCHANNEL00000012,,,,,Demo channel 012,UCDEMOCHANNEL00000012,,,,,,,False,False,True,False,,,,,,,,,,,error,metadata_error,False,True,,,True,True,False,True,ERROR: Unable to download video subtitles for 'en': HTTP Error 429: Too Many Requests,ERROR: Unable to download video subtitles for 'en': HTTP Error 429: Too Many Requests,access management,N,Not problematic,False
Beata,2015-10-20 07:19:12.241000+00:00,2015-10-20 09:19:12.241000+02:00,2015-10-20,9,day,True,False,VID00000279,Watched Demo video 279,Demo video 279,Watched,English,https://www.youtube.com/watch?v=VID00000279,Demo channel 111,https://www.youtube.com/channel/UCDEMOCHANNEL00000111,UCDEMOCHANNEL00000111,Demo video 279,Demo channel 111,Demo channel 111,UCDEMOCHANNEL00000111,Demo channel 111,UCDEMOCHANNEL00000111,1476.0,1.78,1920.0,1080.0,1920x1080,30.0,True,False,True,False,282352.0,3926.0,689.0,24028.0,20200816,1597536000.0,https://www.youtube.com/watch?v=VID00000279,"[""Demo category""]","[""demo tag 228""]",en,ok,ok,False,True,,False,True,True,True,True,,No error,No error,,No error,False
Beata,2015-10-11 23:53:43.856000+00:00,2015-10-12 01:53:43.856000+02:00,2015-10-12,1,night,False,True,VID00000227,Watched Demo video 227,Demo video 227,Watched,English,https://www.youtube.com/watch?v=VID00000227,Demo channel 010,https://www.youtube.com/channel/UCDEMOCHANNEL00000010,UCDEMOCHANNEL00000010,Demo video 227,Demo channel 010,Demo channel 010,UCDEMOCHANNEL00000010,Demo channel 010,UCDEMOCHANNEL00000010,3411.0,1.78,1920.0,1080.0,1920x1080,30.0,True,False,True,False,226822.0,3161.0,554.0,19483.0,20200702,1593648000.0,https://www.youtube.com/watch?v=VID00000227,"[""Demo category""]","[""demo tag 183""]",en,ok,ok,False,True,,False,True,True,True,True,,No error,No error,,No error,False
Beata,2015-09-20 17:57:34.281000+00:00,2015-09-20 19:57:34.281000+02:00,2015-09-20,19,day,True,False,VID00000223,Watched Demo video 223,Demo video 223,Watched,English,https://www.youtube.com/watch?v=VID00000223,Demo channel 005,https://www.youtube.com/channel/UCDEMOCHANNEL00000005,UCDEMOCHANNEL00000005,Demo video 223,Demo channel 005,Demo channel 005,UCDEMOCHANNEL00000005,Demo channel 005,UCDEMOCHANNEL00000005,3263.0,1.78,1920.0,1080.0,1920x1080,30.0,True,False,True,False,221886.0,3093.0,542.0,19079.0,20200628,1593302400.0,https://www.youtube.com/watch?v=VID00000223,"[""Demo category""]","[""demo tag 179""]",en,ok,ok,True,True,28.0,False,True,True,True,True,,No error,No error,,No error,False
Beata,2015-08-31 20:39:47.106000+00:00,2015-08-31 22:39:47.106000+02:00,2015-08-31,22,day,True,False,VID00000088,Watched Demo video 088,Demo video 088,Watched,English,https://www.youtube.com/watch?v=VID00000088,Demo channel 029,https://www.youtube.com/channel/UCDEMOCHANNEL00000029,UCDEMOCHANNEL00000029,Demo video 088,Demo channel 029,Demo channel 029,UCDEMOCHANNEL00000029,Demo channel 029,UCDEMOCHANNEL00000029,2904.0,1.78,1920.0,1080.0,1920x1080,30.0,True,False,True,False,89848.0,1274.0,221.0,8272.0,20200313,1584057600.0,https://www.youtube.com/watch?v=VID00000088,"[""Demo category""]","[""demo tag 072""]",en,ok,ok,False,True,,False,True,True,True,True,,No error,No error,,No error,False
Beata,2015-08-30 15:55:31.573000+00:00,2015-08-30 17:55:31.573000+02:00,2015-08-30,17,day,True,False,VID00000049,Watched Demo video 049,Demo video 049,Watched,English,https://www.youtube.com/watch?v=VID00000049,Demo channel 029,https://www.youtube.com/channel/UCDEMOCHANNEL00000029,UCDEMOCHANNEL00000029,Demo video 049,Demo channel 029,Demo channel 029,UCDEMOCHANNEL00000029,Demo channel 029,UCDEMOCHANNEL00000029,1794.0,1.78,1920.0,1080.0,1920x1080,30.0,True,False,True,False,52828.0,764.0,131.0,5242.0,20200212,1581465600.0,https://www.youtube.com/watch?v=VID00000049,"[""Demo category""]","[""demo tag 042""]",en,ok,ok,False,True,,False,True,True,True,True,,No error,No error,,No error,False
Beata,2015-08-27 13:05:42.777000+00:00,2015-08-27 15:05:42.777000+02:00,2015-08-27,15,day,True,False,VID00000262,Watched Demo video 262,Demo video 262,Watched,English,https://www.youtube.com/watch?v=VID00000262,Demo channel 011,https://www.youtube.com/channel/UCDEMOCHANNEL00000011,UCDEMOCHANNEL00000011,Demo video 262,Demo channel 011,Demo channel 011,UCDEMOCHANNEL00000011,Demo channel 011,UCDEMOCHANNEL00000011,1032.0,1.78,1920.0,1080.0,1920x1080,30.0,True,False,True,False,267544.0,3722.0,653.0,22816.0,20200804,1596499200.0,https://www.youtube.com/watch?v=VID00000262,"[""Demo category""]","[""demo tag 216""]",en,ok,ok,False,True,,False,True,True,True,True,,No error,No error,,No error,False
Beata,2015-08-18 13:27:10.296000+00:00,2015-08-18 15:27:10.296000+02:00,2015-08-18,15,day,True,False,VID00000309,Watched Demo video 309,Demo video 309,Watched,English,https://www.youtube.com/watch?v=VID00000309,Demo channel 119,https://www.youtube.com/channel/UCDEMOCHANNEL00000119,UCDEMOCHANNEL00000119,Demo video 309,Demo channel 119,Demo channel 119,UCDEMOCHANNEL00000119,Demo channel 119,UCDEMOCHANNEL00000119,2401.0,1.78,1920.0,1080.0,1920x1080,30.0,True,False,True,False,313202.0,4351.0,764.0,26553.0,20200910,1599696000.0,https://www.youtube.com/watch?v=VID00000309,"[""Demo category""]","[""demo tag 253""]",en,ok,ok,False,True,,False,True,True,True,True,,No error,No error,,No error,False
Beata,2015-08-15 17:11:48.221000+00:00,2015-08-15 19:11:48.221000+02:00,2015-08-15,19,day,True,False,VID00000259,Watched Demo video 259,Demo video 259,Watched,English,https://www.youtube.com/watch?v=VID00000259,Demo channel 043,https://www.youtube.com/channel/UCDEMOCHANNEL00000043,UCDEMOCHANNEL00000043,Demo video 259,Demo channel 043,Demo channel 043,UCDEMOCHANNEL00000043,Demo channel 043,UCDEMOCHANNEL00000043,921.0,1.78,1920.0,1080.0,1920x1080,30.0,True,False,True,False,263842.0,3671.0,644.0,22513.0,20200801,1596240000.0,https://www.youtube.com/watch?v=VID00000259,"[""Demo category""]","[""demo tag 213""]",en,ok,ok,False,True,,False,True,True,True,True,,No error,No error,,No error,False
Beata,2015-08-14 22:54:47.786000+00:00,2015-08-15 00:54:47.786000+02:00,2015-08-15,0,night,False,True,VID00000236,Watched Demo video 236,Demo video 236,Watched,English,https://www.youtube.com/watch?v=VID00000236,,,,,,,,,,,,,,,,False,False,True,False,,,,,,,,,,,error,metadata_error,False,True,,,True,True,False,False,ERROR: [youtube] VID00000236: Video unavailable,Video unavailable,unavailable,N,Not problematic,False
Beata,2015-08-14 14:39:16.941000+00:00,2015-08-14 16:39:16.941000+02:00,2015-08-14,16,day,True,False,VID00000311,Watched Demo video 311,Demo video 311,Watched,English,https://www.youtube.com/watch?v=VID00000311,Demo channel 120,https://www.youtube.com/channel/UCDEMOCHANNEL00000120,UCDEMOCHANNEL00000120,Demo video 311,Demo channel 120,Demo channel 120,UCDEMOCHANNEL00000120,Demo channel 120,UCDEMOCHANNEL00000120,2438.0,1.78,1920.0,1080.0,1920x1080,30.0,True,False,True,False,314436.0,4368.0,767.0,26654.0,20200911,1599782400.0,https://www.youtube.com/watch?v=VID00000311,"[""Demo category""]","[""demo tag 254""]",en,ok,ok,False,True,,False,True,True,True,True,,No error,No error,,No error,False
Beata,2015-08-11 02:46:51.737000+00:00,2015-08-11 04:46:51.737000+02:00,2015-08-11,4,night,False,True,VID00000192,Watched Demo video 192,Demo video 192,Watched,English,https://www.youtube.com/watch?v=VID00000192,Demo channel 017,https://www.youtube.com/channel/UCDEMOCHANNEL00000017,UCDEMOCHANNEL00000017,Demo video 192,Demo channel 017,Demo channel 017,UCDEMOCHANNEL00000017,Demo channel 017,UCDEMOCHANNEL00000017,2449.0,1.78,1920.0,1080.0,1920x1080,30.0,True,False,True,False,194738.0,2719.0,476.0,16857.0,20200606,1591401600.0,https://www.youtube.com/watch?v=VID00000192,"[""Demo category""]","[""demo tag 157""]",en,ok,ok,False,True,,False,True,True,True,True,,No error,No error,,No error,False
Beata,2015-08-11 02:41:07.804000+00:00,2015-08-11 04:41:07.804000+02:00,2015-08-11,4,night,False,True,VID00000175,Watched Demo video 175,Demo video 175,Watched,English,https://www.youtube.com/watch?v=VID00000175,Demo channel 017,https://www.youtube.com/channel/UCDEMOCHANNEL00000017,UCDEMOCHANNEL00000017,Demo video 175,Demo channel 017,Demo channel 017,UCDEMOCHANNEL00000017,Demo channel 017,UCDEMOCHANNEL00000017,1968.0,1.78,1920.0,1080.0,1920x1080,30.0,True,False,True,False,178696.0,2498.0,437.0,15544.0,20200524,1590278400.0,https://www.youtube.com/watch?v=VID00000175,"[""Demo category""]","[""demo tag 144""]",en,ok,ok,False,True,,False,True,True,True,True,,No error,No error,,No error,False
Beata,2015-08-09 04:31:31.913000+00:00,2015-08-09 06:31:31.913000+02:00,2015-08-09,6,day,True,False,VID00000019,Watched Demo video 019,Demo video 019,Watched,English,https://www.youtube.com/watch?v=VID00000019,Demo channel 017,https://www.youtube.com/channel/UCDEMOCHANNEL00000017,UCDEMOCHANNEL00000017,Demo video 019,Demo channel 017,Demo channel 017,UCDEMOCHANNEL00000017,Demo channel 017,UCDEMOCHANNEL00000017,906.0,1.78,1920.0,1080.0,1920x1080,30.0,True,False,True,False,23212.0,356.0,59.0,2818.0,20200119,1579392000.0,https://www.youtube.com/watch?v=VID00000019,"[""Demo category""]","[""demo tag 018""]",en,ok,ok,False,True,,False,True,True,True,True,,No error,No error,,No error,False
Beata,2015-08-07 15:10:39.936000+00:00,2015-08-07 17:10:39.936000+02:00,2015-08-07,17,day,True,False,VID00000179,Watched Demo video 179,Demo video 179,Watched,English,https://www.youtube.com/watch?v=VID00000179,Demo channel 065,https://www.youtube.com/channel/UCDEMOCHANNEL00000065,UCDEMOCHANNEL00000065,,,,,Demo channel 065,UCDEMOCHANNEL00000065,,,,,,,False,False,True,False,,,,,,,,,,,error,metadata_error,False,True,,,True,True,False,True,ERROR: Unable to download video subtitles for 'en': HTTP Error 429: Too Many Requests,ERROR: Unable to download video subtitles for 'en': HTTP Error 429: Too Many Requests,access management,N,Not problematic,False
Beata,2015-08-07 01:55:16.489000+00:00,2015-08-07 03:55:16.489000+02:00,2015-08-07,3,night,False,True,VID00000082,Watched Demo video 082,Demo video 082,Watched,English,https://www.youtube.com/watch?v=VID00000082,,,,,,,,,,,,,,,,False,False,True,False,,,,,,,,,,,error,metadata_error,False,True,,,True,True,False,False,ERROR: [youtube] VID00000082: Video unavailable,Video unavailable,unavailable,N,Not problematic,False
Beata,2015-08-05 09:56:44.148000+00:00,2015-08-05 11:56:44.148000+02:00,2015-08-05,11,day,True,False,VID00000190,Watched Demo video 190,Demo video 190,Watched,English,https://www.youtube.com/watch?v=VID00000190,Demo channel 128,https://www.youtube.com/channel/UCDEMOCHANNEL00000128,UCDEMOCHANNEL00000128,Demo video 190,Demo channel 128,Demo channel 128,UCDEMOCHANNEL00000128,Demo channel 128,UCDEMOCHANNEL00000128,2375.0,1.78,1920.0,1080.0,1920x1080,30.0,True,False,True,False,192270.0,2685.0,470.0,16655.0,20200604,1591228800.0,https://www.youtube.com/watch?v=VID00000190,"[""Demo category""]","[""demo tag 155""]",en,ok,ok,False,True,,False,True,True,True,True,,No error,No error,,No error,False
Beata,2015-07-28 21:43:09.746000+00:00,2015-07-28 23:43:09.746000+02:00,2015-07-28,23,day,True,False,VID00000108,Watched Demo video 108,Demo video 108,Watched,English,https://www.youtube.com/watch?v=VID00000108,,,,,,,,,,,,,,,,False,False,True,False,,,,,,,,,,,error,metadata_error,True,True,48.0,,True,True,False,False,ERROR: [youtube] VID00000108: Video unavailable. This video is no longer available because the YouTube account associated with this video has been terminated.,Video unavailable. This video is no longer available because the YouTube account associated with this video has been terminated.,removed - account terminated,Y,Problematic,True
Beata,2015-07-27 19:19:05.062000+00:00,2015-07-27 21:19:05.062000+02:00,2015-07-27,21,day,True,False,VID00000102,Watched Demo video 102,Demo video 102,Watched,English,https://www.youtube.com/watch?v=VID00000102,Demo channel 052,https://www.youtube.com/channel/UCDEMOCHANNEL00000052,UCDEMOCHANNEL00000052,Demo video 102,Demo channel 052,Demo channel 052,UCDEMOCHANNEL00000052,Demo channel 052,UCDEMOCHANNEL00000052,3385.0,1.78,1920.0,1080.0,1920x1080,30.0,True,False,True,False,105890.0,1495.0,260.0,9585.0,20200326,1585180800.0,https://www.youtube.com/watch?v=VID00000102,"[""Demo category""]","[""demo tag 085""]",en,ok,ok,False,True,,False,True,True,True,True,,No error,No error,,No error,False
Beata,2015-07-22 09:26:21.048000+00:00,2015-07-22 11:26:21.048000+02:00,2015-07-22,11,day,True,False,VID00000055,Watched Demo video 055,Demo video 055,Watched,English,https://www.youtube.com/watch?v=VID00000055,Demo channel 078,https://www.youtube.com/channel/UCDEMOCHANNEL00000078,UCDEMOCHANNEL00000078,Demo video 055,Demo channel 078,Demo channel 078,UCDEMOCHANNEL00000078,Demo channel 078,UCDEMOCHANNEL00000078,1979.0,1.78,1920.0,1080.0,1920x1080,30.0,True,False,True,False,58998.0,849.0,146.0,5747.0,20200217,1581897600.0,https://www.youtube.com/watch?v=VID00000055,"[""Demo category""]","[""demo tag 047""]",en,ok,ok,True,True,51.0,False,True,True,True,True,,No error,No error,,No error,False
Beata,2015-07-20 14:00:57.353000+00:00,2015-07-20 16:00:57.353000+02:00,2015-07-20,16,day,True,False,VID00000172,Watched Demo video 172,Demo video 172,Watched,English,https://www.youtube.com/watch?v=VID00000172,Demo channel 086,https://www.youtube.com/channel/UCDEMOCHANNEL00000086,UCDEMOCHANNEL00000086,Demo video 172,Demo channel 086,Demo channel 086,UCDEMOCHANNEL00000086,Demo channel 086,UCDEMOCHANNEL00000086,1894.0,1.78,1920.0,1080.0,1920x1080,30.0,True,False,True,False,176228.0,2464.0,431.0,15342.0,20200522,1590105600.0,https://www.youtube.com/watch?v=VID00000172,"[""Demo category""]","[""demo tag 142""]",en,ok,ok,True,True,40.0,False,True,True,True,True,,No error,No error,,No error,False
Beata,2015-07-18 18:44:41.715000+00:00,2015-07-18 20:44:41.715000+02:00,2015-07-18,20,day,True,False,VID00000250,Watched Demo video 250,Demo video 250,Watched,English,https://www.youtube.com/watch?v=VID00000250,Demo channel 182,https://www.youtube.com/channel/UCDEMOCHANNEL00000182,UCDEMOCHANNEL00000182,Demo video 250,Demo channel 182,Demo channel 182,UCDEMOCHANNEL00000182,Demo channel 182,UCDEMOCHANNEL00000182,588.0,1.78,1920.0,1080.0,1920x1080,30.0,True,False,True,False,252736.0,3518.0,617.0,21604.0,20200723,1595462400.0,https://www.youtube.com/watch?v=VID00000250,"[""Demo category""]","[""demo tag 204""]",en,ok,ok,True,True,55.0,False,True,True,True,True,,No error,No error,,No error,False
Beata,2015-07-17 12:12:54.020000+00:00,2015-07-17 14:12:54.020000+02:00,2015-07-17,14,day,True,False,VID00000146,Watched Demo video 146,Demo video 146,Watched,English,https://www.youtube.com/watch?v=VID00000146,Demo channel 126,https://www.youtube.com/channel/UCDEMOCHANNEL00000126,UCDEMOCHANNEL00000126,Demo video 146,Demo channel 126,Demo channel 126,UCDEMOCHANNEL00000126,Demo channel 126,UCDEMOCHANNEL00000126,1043.0,1.78,1920.0,1080.0,1920x1080,30.0,True,False,True,False,147846.0,2073.0,362.0,13019.0,20200429,1588118400.0,https://www.youtube.com/watch?v=VID00000146,"[""Demo category""]","[""demo tag 119""]",en,ok,ok,True,True,40.0,False,True,True,True,True,,No error,No error,,No error,False
Beata,2015-07-15 14:37:02.071000+00:00,2015-07-15 16:37:02.071000+02:00,2015-07-15,16,day,True,False,VID00000091,Watched Demo video 091,Demo video 091,Watched,English,https://www.youtube.com/watch?v=VID00000091,Demo channel 106,https://www.youtube.com/channel/UCDEMOCHANNEL00000106,UCDEMOCHANNEL00000106,Demo video 091,Demo channel 106,Demo channel 106,UCDEMOCHANNEL00000106,Demo channel 106,UCDEMOCHANNEL00000106,3015.0,1.78,1920.0,1080.0,1920x1080,30.0,True,False,True,False,93550.0,1325.0,230.0,8575.0,20200316,1584316800.0,https://www.youtube.com/watch?v=VID00000091,"[""Demo category""]","[""demo tag 075""]",en,ok,ok,True,True,6.0,False,True,True,True,True,,No error,No error,,No error,False
Beata,2015-07-15 09:15:16.406000+00:00,2015-07-15 11:15:16.406000+02:00,2015-07-15,11,day,True,False,VID00000137,Watched Demo video 137,Demo video 137,Watched,English,https://www.youtube.com/watch?v=VID00000137,Demo channel 082,https://www.youtube.com/channel/UCDEMOCHANNEL00000082,UCDEMOCHANNEL00000082,Demo video 137,Demo channel 082,Demo channel 082,UCDEMOCHANNEL00000082,Demo channel 082,UCDEMOCHANNEL00000082,784.0,1.78,1920.0,1080.0,1920x1080,30.0,True,False,True,False,139208.0,1954.0,341.0,12312.0,20200422,1587513600.0,https://www.youtube.com/watch?v=VID00000137,"[""Demo category""]","[""demo tag 112""]",en,ok,ok,True,True,48.0,False,True,True,True,True,,No error,No error,,No error,False
Beata,2015-06-27 03:59:12.357000+00:00,2015-06-27 05:59:12.357000+02:00,2015-06-27,5,night,False,True,VID00000053,Watched Demo video 053,Demo video 053,Watched,English,https://www.youtube.com/watch?v=VID00000053,Demo channel 003,https://www.youtube.com/channel/UCDEMOCHANNEL00000003,UCDEMOCHANNEL00000003,,,,,Demo channel 003,UCDEMOCHANNEL00000003,,,,,,,False,False,True,False,,,,,,,,,,,error,metadata_error,True,True,47.0,,True,True,False,True,"ERROR: [youtube] VID00000053: Video unavailable. This video contains content from WMG, who has blocked it in your country on copyright grounds",Video unavailable. This video contains content from copyright owner(s) who have blocked it on copyright grounds,removed - copyright claim,Platform external legal action,Removed due to external legal rights,False
Beata,2015-06-11 23:24:34.949000+00:00,2015-06-12 01:24:34.949000+02:00,2015-06-12,1,night,False,True,VID00000242,Watched Demo video 242,Demo video 242,Watched,English,https://www.youtube.com/watch?v=VID00000242,Demo channel 078,https://www.youtube.com/channel/UCDEMOCHANNEL00000078,UCDEMOCHANNEL00000078,Demo video 242,Demo channel 078,Demo channel 078,UCDEMOCHANNEL00000078,Demo channel 078,UCDEMOCHANNEL00000078,292.0,1.78,1920.0,1080.0,1920x1080,30.0,True,False,True,False,242864.0,3382.0,593.0,20796.0,20200715,1594771200.0,https://www.youtube.com/watch?v=VID00000242,"[""Demo category""]","[""demo tag 196""]",en,ok,ok,False,True,,False,True,True,True,True,,No error,No error,,No error,False
Beata,2015-06-10 14:52:47.373000+00:00,2015-06-10 16:52:47.373000+02:00,2015-06-10,16,day,True,False,VID00000086,Watched Demo video 086,Demo video 086,Watched,English,https://www.youtube.com/watch?v=VID00000086,,,,,,,,,,,,,,,,False,False,True,False,,,,,,,,,,,error,metadata_error,False,True,,,True,True,False,False,ERROR: [youtube] VID00000086: Private video. Sign in if you've been granted access to this video. Use --cookies-from-browser or --cookies for the authentication. See  https://github.com/yt-dlp/yt-dlp/wiki/FAQ#how-do-i-pass-cookies-to-yt-dlp  for how to manually pass cookies. Also see  https://github.com/yt-dlp/yt-dlp/wiki/Extractors#exporting-youtube-cookies  for tips on effectively exporting YouTube cookies,Private video. Sign in if you've been granted access to this video. Use --cookies-from-browser or --cookies for the authentication. See  https://github.com/yt-dlp/yt-dlp/wiki/FAQ#how-do-i-pass-cookies-to-yt-dlp  for how to manually pass cookies. Also see  https://github.com/yt-dlp/yt-dlp/wiki/Extractors#exporting-youtube-cookies  for tips on effectively exporting YouTube cookies,access management,N,Not problematic,False
Beata,2015-06-09 16:56:07.900000+00:00,2015-06-09 18:56:07.900000+02:00,2015-06-09,18,day,True,False,VID00000203,Watched Demo video 203,Demo video 203,Watched,English,https://www.youtube.com/watch?v=VID00000203,Demo channel 078,https://www.youtube.com/channel/UCDEMOCHANNEL00000078,UCDEMOCHANNEL00000078,Demo video 203,Demo channel 078,Demo channel 078,UCDEMOCHANNEL00000078,Demo channel 078,UCDEMOCHANNEL00000078,2782.0,1.78,1920.0,1080.0,1920x1080,30.0,True,False,True,False,205844.0,2872.0,503.0,17766.0,20200615,1592179200.0,https://www.youtube.com/watch?v=VID00000203,"[""Demo category""]","[""demo tag 166""]",en,ok,ok,False,True,,False,True,True,True,True,,No error,No error,,No error,False
Beata,2015-06-09 03:04:24.085000+00:00,2015-06-09 05:04:24.085000+02:00,2015-06-09,5,night,False,True,VID00000313,Watched Demo video 313,Demo video 313,Watched,English,https://www.youtube.com/watch?v=VID00000313,Demo channel 104,https://www.youtube.com/channel/UCDEMOCHANNEL00000104,UCDEMOCHANNEL00000104,,,,,Demo channel 104,UCDEMOCHANNEL00000104,,,,,,,False,False,True,False,,,,,,,,,,,error,metadata_error,False,True,,,True,True,False,True,ERROR: Unable to download video subtitles for 'en': HTTP Error 429: Too Many Requests,ERROR: Unable to download video subtitles for 'en': HTTP Error 429: Too Many Requests,access management,N,Not problematic,False
Beata,2015-06-04 21:46:02.518000+00:00,2015-06-04 23:46:02.518000+02:00,2015-06-04,23,day,True,False,VID00000245,Watched Demo video 245,Demo video 245,Watched,English,https://www.youtube.com/watch?v=VID00000245,Demo channel 078,https://www.youtube.com/channel/UCDEMOCHANNEL00000078,UCDEMOCHANNEL00000078,Demo video 245,Demo channel 078,Demo channel 078,UCDEMOCHANNEL00000078,Demo channel 078,UCDEMOCHANNEL00000078,403.0,1.78,1920.0,1080.0,1920x1080,30.0,True,False,True,False,246566.0,3433.0,602.0,21099.0,20200718,1595030400.0,https://www.youtube.com/watch?v=VID00000245,"[""Demo category""]","[""demo tag 199""]",en,ok,ok,False,True,,False,True,True,True,True,,No error,No error,,No error,False
Beata,2015-06-02 06:48:00.808000+00:00,2015-06-02 08:48:00.808000+02:00,2015-06-02,8,day,True,False,VID00000065,Watched Demo video 065,Demo video 065,Watched,English,https://www.youtube.com/watch?v=VID00000065,,,,,,,,,,,,,,,,False,False,True,False,,,,,,,,,,,error,metadata_error,False,True,,,True,True,False,False,ERROR: [youtube] VID00000065: Video unavailable. This video is no longer available because the YouTube account associated with this video has been terminated.,Video unavailable. This video is no longer available because the YouTube account associated with this video has been terminated.,removed - account terminated,Y,Problematic,True
Beata,2015-05-28 17:28:47.875000+00:00,2015-05-28 19:28:47.875000+02:00,2015-05-28,19,day,True,False,VID00000246,Watched Demo video 246,Demo video 246,Watched,English,https://www.youtube.com/watch?v=VID00000246,Demo channel 117,https://www.youtube.com/channel/UCDEMOCHANNEL00000117,UCDEMOCHANNEL00000117,,,,,Demo channel 117,UCDEMOCHANNEL00000117,,,,,,,False,False,True,False,,,,,,,,,,,error,metadata_error,False,True,,,True,True,False,True,"ERROR: [youtube] VID00000246: Video unavailable. This video contains content from SME, who has blocked it in your country on copyright grounds",Video unavailable. This video contains content from copyright owner(s) who have blocked it on copyright grounds,removed - copyright claim,Platform external legal action,Removed due to external legal rights,False
Beata,2015-05-28 09:36:04.366000+00:00,2015-05-28 11:36:04.366000+02:00,2015-05-28,11,day,True,False,VID00000232,Watched Demo video 232,Demo video 232,Watched,English,https://www.youtube.com/watch?v=VID00000232,,,,,,,,,,,,,,,,False,False,True,False,,,,,,,,,,,error,metadata_error,True,True,30.0,,True,True,False,False,ERROR: [youtube] VID00000232: Video unavailable,Video unavailable,unavailable,N,Not problematic,False
Beata,2015-05-09 12:53:25.940000+00:00,2015-05-09 14:53:25.940000+02:00,2015-05-09,14,day,True,False,VID00000132,Watched Demo video 132,Demo video 132,Watched,English,https://www.youtube.com/watch?v=VID00000132,Demo channel 073,https://www.youtube.com/channel/UCDEMOCHANNEL00000073,UCDEMOCHANNEL00000073,Demo video 132,Demo channel 073,Demo channel 073,UCDEMOCHANNEL00000073,Demo channel 073,UCDEMOCHANNEL00000073,636.0,1.78,1920.0,1080.0,1920x1080,30.0,True,False,True,False,134272.0,1886.0,329.0,11908.0,20200418,1587168000.0,https://www.youtube.com/watch?v=VID00000132,"[""Demo category""]","[""demo tag 108""]",en,ok,ok,False,True,,False,True,True,True,True,,No error,No error,,No error,False
Beata,2015-04-21 17:32:13.358000+00:00,2015-04-21 19:32:13.358000+02:00,2015-04-21,19,day,True,False,VID00000092,Watched Demo video 092,Demo video 092,Watched,English,https://www.youtube.com/watch?v=VID00000092,Demo channel 098,https://www.youtube.com/channel/UCDEMOCHANNEL00000098,UCDEMOCHANNEL00000098,Demo video 092,Demo channel 098,Demo channel 098,UCDEMOCHANNEL00000098,Demo channel 098,UCDEMOCHANNEL00000098,3052.0,1.78,1920.0,1080.0,1920x1080,30.0,True,False,True,False,94784.0,1342.0,233.0,8676.0,20200317,1584403200.0,https://www.youtube.com/watch?v=VID00000092,"[""Demo category""]","[""demo tag 076""]",en,ok,ok,False,True,,False,True,True,True,True,,No error,No error,,No error,False
Beata,2015-04-19 16:30:08.374000+00:00,2015-04-19 18:30:08.374000+02:00,2015-04-19,18,day,True,False,VID00000244,Watched Demo video 244,Demo video 244,Watched,English,https://www.youtube.com/watch?v=VID00000244,Demo channel 095,https://www.youtube.com/channel/UCDEMOCHANNEL00000095,UCDEMOCHANNEL00000095,,,,,Demo channel 095,UCDEMOCHANNEL00000095,,,,,,,False,False,True,False,,,,,,,,,,,error,metadata_error,False,True,,,True,True,False,True,ERROR: Unable to download video subtitles for 'en': HTTP Error 429: Too Many Requests,ERROR: Unable to download video subtitles for 'en': HTTP Error 429: Too Many Requests,access management,N,Not problematic,False
Beata,2015-04-14 15:06:59.910000+00:00,2015-04-14 17:06:59.910000+02:00,2015-04-14,17,day,True,False,VID00000215,Watched Demo video 215,Demo video 215,Watched,English,https://www.youtube.com/watch?v=VID00000215,Demo channel 047,https://www.youtube.com/channel/UCDEMOCHANNEL00000047,UCDEMOCHANNEL00000047,Demo video 215,Demo channel 047,Demo channel 047,UCDEMOCHANNEL00000047,Demo channel 047,UCDEMOCHANNEL00000047,3078.0,1.78,1920.0,1080.0,1920x1080,30.0,True,False,True,False,215716.0,3008.0,527.0,18574.0,20200623,1592870400.0,https://www.youtube.com/watch?v=VID00000215,"[""Demo category""]","[""demo tag 174""]",en,ok,ok,False,True,,False,True,True,True,True,,No error,No error,,No error,False
Carmen,2025-03-26 13:12:19.748000+00:00,2025-03-26 14:12:19.748000+01:00,2025-03-26,14,day,True,False,VID00000165,Watched Demo video 165,Demo video 165,Watched,English,https://www.youtube.com/watch?v=VID00000165,Demo channel 142,https://www.youtube.com/channel/UCDEMOCHANNEL00000142,UCDEMOCHANNEL00000142,Demo video 165,Demo channel 142,Demo channel 142,UCDEMOCHANNEL00000142,Demo channel 142,UCDEMOCHANNEL00000142,1709.0,1.78,1920.0,1080.0,1920x1080,30.0,True,False,True,False,170058.0,2379.0,416.0,14837.0,20200517,1589673600.0,https://www.youtube.com/watch?v=VID00000165,"[""Demo category""]","[""demo tag 137""]",en,ok,ok,False,True,,True,True,True,True,True,,No error,No error,,No error,False
Carmen,2025-02-04 21:35:35.844000+00:00,2025-02-04 22:35:35.844000+01:00,2025-02-04,22,day,True,False,VID00000204,Watched Demo video 204,Demo video 204,Watched,English,https://www.youtube.com/watch?v=VID00000204,Demo channel 172,https://www.youtube.com/channel/UCDEMOCHANNEL00000172,UCDEMOCHANNEL00000172,Demo video 204,Demo channel 172,Demo channel 172,UCDEMOCHANNEL00000172,Demo channel 172,UCDEMOCHANNEL00000172,2819.0,1.78,1920.0,1080.0,1920x1080,30.0,True,False,True,False,207078.0,2889.0,506.0,17867.0,20200616,1592265600.0,https://www.youtube.com/watch?v=VID00000204,"[""Demo category""]","[""demo tag 167""]",en,ok,ok,False,True,,True,True,True,True,True,,No error,No error,,No error,False
Carmen,2024-12-28 14:04:42.593000+00:00,2024-12-28 15:04:42.593000+01:00,2024-12-28,15,day,True,False,VID00000155,Watched Demo video 155,Demo video 155,Watched,English,https://www.youtube.com/watch?v=VID00000155,Demo channel 161,https://www.youtube.com/channel/UCDEMOCHANNEL00000161,UCDEMOCHANNEL00000161,Demo video 155,Demo channel 161,Demo channel 161,UCDEMOCHANNEL00000161,Demo channel 161,UCDEMOCHANNEL00000161,1339.0,1.78,1920.0,1080.0,1920x1080,30.0,True,False,True,False,157718.0,2209.0,386.0,13827.0,20200507,1588809600.0,https://www.youtube.com/watch?v=VID00000155,"[""Demo category""]","[""demo tag 127""]",en,ok,ok,True,True,33.0,True,True,True,True,True,,No error,No error,,No error,False
Carmen,2024-12-28 14:03:28.948000+00:00,2024-12-28 15:03:28.948000+01:00,2024-12-28,15,day,True,False,VID00000022,Watched Demo video 022,Demo video 022,Watched,English,https://www.youtube.com/watch?v=VID00000022,Demo channel 041,https://www.youtube.com/channel/UCDEMOCHANNEL00000041,UCDEMOCHANNEL00000041,Demo video 022,Demo channel 041,Demo channel 041,UCDEMOCHANNEL00000041,Demo channel 041,UCDEMOCHANNEL00000041,1017.0,1.78,1920.0,1080.0,1920x1080,30.0,True,False,True,False,26914.0,407.0,68.0,3121.0,20200122,1579651200.0,https://www.youtube.com/watch?v=VID00000022,"[""Demo category""]","[""demo tag 021""]",en,ok,ok,False,True,,True,True,True,True,True,,No error,No error,,No error,False
Carmen,2024-10-30 21:58:57.101000+00:00,2024-10-30 22:58:57.101000+01:00,2024-10-30,22,day,True,False,VID00000011,Watched Demo video 011,Demo video 011,Watched,English,https://www.youtube.com/watch?v=VID00000011,,,,,,,,,,,,,,,,False,False,True,False,,,,,,,,,,,error,metadata_error,False,True,,,True,True,False,False,ERROR: [youtube] VID00000011: Private video. Sign in if you've been granted access to this video. Use --cookies-from-browser or --cookies for the authentication. See  https://github.com/yt-dlp/yt-dlp/wiki/FAQ#how-do-i-pass-cookies-to-yt-dlp  for how to manually pass cookies. Also see  https://github.com/yt-dlp/yt-dlp/wiki/Extractors#exporting-youtube-cookies  for tips on effectively exporting YouTube cookies,Private video. Sign in if you've been granted access to this video. Use --cookies-from-browser or --cookies for the authentication. See  https://github.com/yt-dlp/yt-dlp/wiki/FAQ#how-do-i-pass-cookies-to-yt-dlp  for how to manually pass cookies. Also see  https://github.com/yt-dlp/yt-dlp/wiki/Extractors#exporting-youtube-cookies  for tips on effectively exporting YouTube cookies,access management,N,Not problematic,False
Carmen,2024-10-22 21:39:17.775000+00:00,2024-10-22 23:39:17.775000+02:00,2024-10-22,23,day,True,False,VID00000010,Watched Demo video 010,Demo video 010,Watched,English,https://www.youtube.com/watch?v=VID00000010,Demo channel 164,https://www.youtube.com/channel/UCDEMOCHANNEL00000164,UCDEMOCHANNEL00000164,Demo video 010,Demo channel 164,Demo channel 164,UCDEMOCHANNEL00000164,Demo channel 164,UCDEMOCHANNEL00000164,573.0,1.78,1920.0,1080.0,1920x1080,30.0,True,False,True,False,12106.0,203.0,32.0,1909.0,20200110,1578614400.0,https://www.youtube.com/watch?v=VID00000010,"[""Demo category""]","[""demo tag 009""]",en,ok,ok,False,True,,True,True,True,True,True,,No error,No error,,No error,False
Carmen,2024-08-19 08:58:40.201000+00:00,2024-08-19 10:58:40.201000+02:00,2024-08-19,10,day,True,False,VID00000100,Watched Demo video 100,Demo video 100,Watched,English,https://www.youtube.com/watch?v=VID00000100,Demo channel 109,https://www.youtube.com/channel/UCDEMOCHANNEL00000109,UCDEMOCHANNEL00000109,Demo video 100,Demo channel 109,Demo channel 109,UCDEMOCHANNEL00000109,Demo channel 109,UCDEMOCHANNEL00000109,3311.0,1.78,1920.0,1080.0,1920x1080,30.0,True,False,True,False,103422.0,1461.0,254.0,9383.0,20200324,1585008000.0,https://www.youtube.com/watch?v=VID00000100,"[""Demo category""]","[""demo tag 083""]",en,ok,ok,False,True,,True,True,True,True,True,,No error,No error,,No error,False
Carmen,2024-08-16 06:45:29.136000+00:00,2024-08-16 08:45:29.136000+02:00,2024-08-16,8,day,True,False,VID00000191,Watched Demo video 191,Demo video 191,Watched,English,https://www.youtube.com/watch?v=VID00000191,Demo channel 109,https://www.youtube.com/channel/UCDEMOCHANNEL00000109,UCDEMOCHANNEL00000109,Demo video 191,Demo channel 109,Demo channel 109,UCDEMOCHANNEL00000109,Demo channel 109,UCDEMOCHANNEL00000109,2412.0,1.78,1920.0,1080.0,1920x1080,30.0,True,False,True,False,193504.0,2702.0,473.0,16756.0,20200605,1591315200.0,https://www.youtube.com/watch?v=VID00000191,"[""Demo category""]","[""demo tag 156""]",en,ok,ok,False,True,,True,True,True,True,True,,No error,No error,,No error,False
Carmen,2024-08-13 14:28:47.257000+00:00,2024-08-13 16:28:47.257000+02:00,2024-08-13,16,day,True,False,VID00000023,Watched Demo video 023,Demo video 023,Watched,English,https://www.youtube.com/watch?v=VID00000023,Demo channel 108,https://www.youtube.com/channel/UCDEMOCHANNEL00000108,UCDEMOCHANNEL00000108,Demo video 023,Demo channel 108,Demo channel 108,UCDEMOCHANNEL00000108,Demo channel 108,UCDEMOCHANNEL00000108,1054.0,1.78,1920.0,1080.0,1920x1080,30.0,True,False,True,False,28148.0,424.0,71.0,3222.0,20200123,1579737600.0,https://www.youtube.com/watch?v=VID00000023,"[""Demo category""]","[""demo tag 022""]",en,ok,ok,False,True,,True,True,True,True,True,,No error,No error,,No error,False
Carmen,2024-08-01 08:25:02.451000+00:00,2024-08-01 10:25:02.451000+02:00,2024-08-01,10,day,True,False,VID00000152,Watched Demo video 152,Demo video 152,Watched,English,https://www.youtube.com/watch?v=VID00000152,Demo channel 079,https://www.youtube.com/channel/UCDEMOCHANNEL00000079,UCDEMOCHANNEL00000079,Demo video 152,Demo channel 079,Demo channel 079,UCDEMOCHANNEL00000079,Demo channel 079,UCDEMOCHANNEL00000079,1265.0,1.78,1920.0,1080.0,1920x1080,30.0,True,False,True,False,155250.0,2175.0,380.0,13625.0,20200505,1588636800.0,https://www.youtube.com/watch?v=VID00000152,"[""Demo category""]","[""demo tag 125""]",en,ok,ok,False,True,,True,True,True,True,True,,No error,No error,,No error,False
Carmen,2024-08-01 08:21:52.876000+00:00,2024-08-01 10:21:52.876000+02:00,2024-08-01,10,day,True,False,VID00000002,Watched Demo video 002,Demo video 002,Watched,English,https://www.youtube.com/watch?v=VID00000002,Demo channel 092,https://www.youtube.com/channel/UCDEMOCHANNEL00000092,UCDEMOCHANNEL00000092,Demo video 002,Demo channel 092,Demo channel 092,UCDEMOCHANNEL00000092,Demo channel 092,UCDEMOCHANNEL00000092,314.0,1.78,1920.0,1080.0,1920x1080,30.0,True,False,True,False,3468.0,84.0,11.0,1202.0,20200103,1578009600.0,https://www.youtube.com/watch?v=VID00000002,"[""Demo category""]","[""demo tag 002""]",en,ok,ok,True,True,24.0,True,True,True,True,True,,No error,No error,,No error,False
Carmen,2024-04-27 11:01:43.505000+00:00,2024-04-27 13:01:43.505000+02:00,2024-04-27,13,day,True,False,VID00000128,Watched Demo video 128,Demo video 128,Watched,English,https://www.youtube.com/watch?v=VID00000128,Demo channel 093,https://www.youtube.com/channel/UCDEMOCHANNEL00000093,UCDEMOCHANNEL00000093,Demo video 128,Demo channel 093,Demo channel 093,UCDEMOCHANNEL00000093,Demo channel 093,UCDEMOCHANNEL00000093,525.0,1.78,1920.0,1080.0,1920x1080,30.0,True,False,True,False,130570.0,1835.0,320.0,11605.0,20200415,1586908800.0,https://www.youtube.com/watch?v=VID00000128,"[""Demo category""]","[""demo tag 105""]",en,ok,ok,True,True,16.0,True,True,True,True,True,,No error,No error,,No error,False
Carmen,2024-04-25 08:03:43.985000+00:00,2024-04-25 10:03:43.985000+02:00,2024-04-25,10,day,True,False,VID00000185,Watched Demo video 185,Demo video 185,Watched,English,https://www.youtube.com/watch?v=VID00000185,Demo channel 134,https://www.youtube.com/channel/UCDEMOCHANNEL00000134,UCDEMOCHANNEL00000134,Demo video 185,Demo channel 134,Demo channel 134,UCDEMOCHANNEL00000134,Demo channel 134,UCDEMOCHANNEL00000134,2227.0,1.78,1920.0,1080.0,1920x1080,30.0,True,False,True,False,187334.0,2617.0,458.0,16251.0,20200531,1590883200.0,https://www.youtube.com/watch?v=VID00000185,"[""Demo category""]","[""demo tag 151""]",en,ok,ok,True,True,46.0,False,True,True,True,True,,No error,No error,,No error,False
Carmen,2024-04-14 09:03:11.656000+00:00,2024-04-14 11:03:11.656000+02:00,2024-04-14,11,day,True,False,VID00000124,Watched Demo video 124,Demo video 124,Watched,English,https://www.youtube.com/watch?v=VID00000124,Demo channel 087,https://www.youtube.com/channel/UCDEMOCHANNEL00000087,UCDEMOCHANNEL00000087,,,,,Demo channel 087,UCDEMOCHANNEL00000087,,,,,,,False,False,True,False,,,,,,,,,,,error,metadata_error,True,True,23.0,,True,True,False,True,ERROR: [youtube] VID00000124: This video is not available,Video unavailable. This video is not available,unavailable,N,Not problematic,False
Carmen,2024-04-11 05:46:25.657000+00:00,2024-04-11 07:46:25.657000+02:00,2024-04-11,7,day,True,False,VID00000156,Watched Demo video 156,Demo video 156,Watched,English,https://www.youtube.com/watch?v=VID00000156,Demo channel 175,https://www.youtube.com/channel/UCDEMOCHANNEL00000175,UCDEMOCHANNEL00000175,Demo video 156,Demo channel 175,Demo channel 175,UCDEMOCHANNEL00000175,Demo channel 175,UCDEMOCHANNEL00000175,1376.0,1.78,1920.0,1080.0,1920x1080,30.0,True,False,True,False,158952.0,2226.0,389.0,13928.0,20200508,1588896000.0,https://www.youtube.com/watch?v=VID00000156,"[""Demo category""]","[""demo tag 128""]",en,ok,ok,False,True,,False,True,True,True,True,,No error,No error,,No error,False
Carmen,2024-02-20 13:59:42.054000+00:00,2024-02-20 14:59:42.054000+01:00,2024-02-20,14,day,True,False,VID00000096,Watched Demo video 096,Demo video 096,Watched,English,https://www.youtube.com/watch?v=VID00000096,,,,,,,,,,,,,,,,False,False,True,False,,,,,,,,,,,error,metadata_error,True,True,55.0,,True,True,False,False,ERROR: [youtube] VID00000096: This video has been removed for violating YouTube's Community Guidelines,This video has been removed for violating YouTube's Community Guidelines,removed - community guidelines violated,Y,Problematic,True
Carmen,2024-02-17 21:25:36.548000+00:00,2024-02-17 22:25:36.548000+01:00,2024-02-17,22,day,True,False,VID00000127,Watched Demo video 127,Demo video 127,Watched,English,https://www.youtube.com/watch?v=VID00000127,Demo channel 167,https://www.youtube.com/channel/UCDEMOCHANNEL00000167,UCDEMOCHANNEL00000167,Demo video 127,Demo channel 167,Demo channel 167,UCDEMOCHANNEL00000167,Demo channel 167,UCDEMOCHANNEL00000167,488.0,1.78,1920.0,1080.0,1920x1080,30.0,True,False,True,False,129336.0,1818.0,317.0,11504.0,20200414,1586822400.0,https://www.youtube.com/watch?v=VID00000127,"[""Demo category""]","[""demo tag 104""]",en,ok,ok,True,True,27.0,False,True,True,True,True,,No error,No error,,No error,False
Carmen,2023-12-06 12:02:37.574000+00:00,2023-12-06 13:02:37.574000+01:00,2023-12-06,13,day,True,False,VID00000080,Watched Demo video 080,Demo video 080,Watched,English,https://www.youtube.com/watch?v=VID00000080,Demo channel 179,https://www.youtube.com/channel/UCDEMOCHANNEL00000179,UCDEMOCHANNEL00000179,Demo video 080,Demo channel 179,Demo channel 179,UCDEMOCHANNEL00000179,Demo channel 179,UCDEMOCHANNEL00000179,2645.0,1.78,1920.0,1080.0,1920x1080,30.0,True,False,True,False,81210.0,1155.0,200.0,7565.0,20200306,1583452800.0,https://www.youtube.com/watch?v=VID00000080,"[""Demo category""]","[""demo tag 065""]",en,ok,ok,False,True,,False,True,True,True,True,,No error,No error,,No error,False
Carmen,2023-11-02 16:02:17.782000+00:00,2023-11-02 17:02:17.782000+01:00,2023-11-02,17,day,True,False,VID00000097,Watched Demo video 097,Demo video 097,Watched,English,https://www.youtube.com/watch?v=VID00000097,Demo channel 068,https://www.youtube.com/channel/UCDEMOCHANNEL00000068,UCDEMOCHANNEL00000068,,,,,Demo channel 068,UCDEMOCHANNEL00000068,,,,,,,False,False,True,False,,,,,,,,,,,error,metadata_error,False,True,,,True,True,False,True,ERROR: Unable to download video subtitles for 'en': HTTP Error 429: Too Many Requests,ERROR: Unable to download video subtitles for 'en': HTTP Error 429: Too Many Requests,access management,N,Not problematic,False
Carmen,2023-09-23 13:23:18.392000+00:00,2023-09-23 15:23:18.392000+02:00,2023-09-23,15,day,True,False,VID00000134,Watched Demo video 134,Demo video 134,Watched,English,https://www.youtube.com/watch?v=VID00000134,Demo channel 048,https://www.youtube.com/channel/UCDEMOCHANNEL00000048,UCDEMOCHANNEL00000048,Demo video 134,Demo channel 048,Demo channel 048,UCDEMOCHANNEL00000048,Demo channel 048,UCDEMOCHANNEL00000048,710.0,1.78,1920.0,1080.0,1920x1080,30.0,True,False,True,False,136740.0,1920.0,335.0,12110.0,20200420,1587340800.0,https://www.youtube.com/watch?v=VID00000134,"[""Demo category""]","[""demo tag 110""]",en,ok,ok,False,True,,False,True,True,True,True,,No error,No error,,No error,False
Carmen,2023-08-24 06:24:03.319000+00:00,2023-08-24 08:24:03.319000+02:00,2023-08-24,8,day,True,False,VID00000271,Watched Demo video 271,Demo video 271,Watched,English,https://www.youtube.com/watch?v=VID00000271,Demo channel 129,https://www.youtube.com/channel/UCDEMOCHANNEL00000129,UCDEMOCHANNEL00000129,Demo video 271,Demo channel 129,Demo channel 129,UCDEMOCHANNEL00000129,Demo channel 129,UCDEMOCHANNEL00000129,1254.0,1.78,1920.0,1080.0,1920x1080,30.0,True,False,True,False,274948.0,3824.0,671.0,23422.0,20200810,1597017600.0,https://www.youtube.com/watch?v=VID00000271,"[""Demo category""]","[""demo tag 222""]",en,ok,ok,False,True,,False,True,True,True,True,,No error,No error,,No error,False
Carmen,2023-08-11 11:03:03.694000+00:00,2023-08-11 13:03:03.694000+02:00,2023-08-11,13,day,True,False,VID00000017,Watched Demo video 017,Demo video 017,Watched,English,https://www.youtube.com/watch?v=VID00000017,Demo channel 119,https://www.youtube.com/channel/UCDEMOCHANNEL00000119,UCDEMOCHANNEL00000119,Demo video 017,Demo channel 119,Demo channel 119,UCDEMOCHANNEL00000119,Demo channel 119,UCDEMOCHANNEL00000119,832.0,1.78,1920.0,1080.0,1920x1080,30.0,True,False,True,False,20744.0,322.0,53.0,2616.0,20200117,1579219200.0,https://www.youtube.com/watch?v=VID00000017,"[""Demo category""]","[""demo tag 016""]",en,ok,ok,False,True,,False,True,True,True,True,,No error,No error,,No error,False
Carmen,2023-06-09 07:36:39.259000+00:00,2023-06-09 09:36:39.259000+02:00,2023-06-09,9,day,True,False,VID00000285,Watched Demo video 285,Demo video 285,Watched,English,https://www.youtube.com/watch?v=VID00000285,Demo channel 144,https://www.youtube.com/channel/UCDEMOCHANNEL00000144,UCDEMOCHANNEL00000144,Demo video 285,Demo channel 144,Demo channel 144,UCDEMOCHANNEL00000144,Demo channel 144,UCDEMOCHANNEL00000144,1624.0,1.78,1920.0,1080.0,1920x1080,30.0,True,False,True,False,287288.0,3994.0,701.0,24432.0,20200820,1597881600.0,https://www.youtube.com/watch?v=VID00000285,"[""Demo category""]","[""demo tag 232""]",en,ok,ok,False,True,,False,True,True,True,True,,No error,No error,,No error,False
Carmen,2022-10-21 10:47:24.239000+00:00,2022-10-21 12:47:24.239000+02:00,2022-10-21,12,day,True,False,VID00000197,Watched Demo video 197,Demo video 197,Watched,English,https://www.youtube.com/watch?v=VID00000197,Demo channel 103,https://www.youtube.com/channel/UCDEMOCHANNEL00000103,UCDEMOCHANNEL00000103,Demo video 197,Demo channel 103,Demo channel 103,UCDEMOCHANNEL00000103,Demo channel 103,UCDEMOCHANNEL00000103,2634.0,1.78,1920.0,1080.0,1920x1080,30.0,True,False,True,False,200908.0,2804.0,491.0,17362.0,20200611,1591833600.0,https://www.youtube.com/watch?v=VID00000197,"[""Demo category""]","[""demo tag 162""]",en,ok,ok,False,True,,False,True,True,True,True,,No error,No error,,No error,False
Carmen,2022-07-01 15:49:30.206000+00:00,2022-07-01 17:49:30.206000+02:00,2022-07-01,17,day,True,False,VID00000095,Watched Demo video 095,Demo video 095,Watched,English,https://www.youtube.com/watch?v=VID00000095,Demo channel 151,https://www.youtube.com/channel/UCDEMOCHANNEL00000151,UCDEMOCHANNEL00000151,Demo video 095,Demo channel 151,Demo channel 151,UCDEMOCHANNEL00000151,Demo channel 151,UCDEMOCHANNEL00000151,3163.0,1.78,1920.0,1080.0,1920x1080,30.0,True,False,True,False,98486.0,1393.0,242.0,8979.0,20200320,1584662400.0,https://www.youtube.com/watch?v=VID00000095,"[""Demo category""]","[""demo tag 079""]",en,ok,ok,False,True,,False,True,True,True,True,,No error,No error,,No error,False
Carmen,2022-06-17 14:40:19.111000+00:00,2022-06-17 16:40:19.111000+02:00,2022-06-17,16,day,True,False,VID00000180,Watched Demo video 180,Demo video 180,Watched,English,https://www.youtube.com/watch?v=VID00000180,Demo channel 150,https://www.youtube.com/channel/UCDEMOCHANNEL00000150,UCDEMOCHANNEL00000150,Demo video 180,Demo channel 150,Demo channel 150,UCDEMOCHANNEL00000150,Demo channel 150,UCDEMOCHANNEL00000150,57.0,0.56,1080.0,1920.0,1080x1920,30.0,True,False,True,False,182398.0,2549.0,446.0,15847.0,20200527,1590537600.0,https://www.youtube.com/watch?v=VID00000180,"[""Demo category""]","[""demo tag 147""]",en,ok,ok,False,True,,False,True,True,True,True,,No error,No error,,No error,False
Carmen,2021-07-29 11:44:24.889000+00:00,2021-07-29 13:44:24.889000+02:00,2021-07-29,13,day,True,False,VID00000038,Watched Demo video 038,Demo video 038,Watched,English,https://www.youtube.com/watch?v=VID00000038,Demo channel 076,https://www.youtube.com/channel/UCDEMOCHANNEL00000076,UCDEMOCHANNEL00000076,Demo video 038,Demo channel 076,Demo channel 076,UCDEMOCHANNEL00000076,Demo channel 076,UCDEMOCHANNEL00000076,1498.0,1.78,1920.0,1080.0,1920x1080,30.0,True,False,True,False,42956.0,628.0,107.0,4434.0,20200204,1580774400.0,https://www.youtube.com/watch?v=VID00000038,"[""Demo category""]","[""demo tag 034""]",en,ok,ok,False,True,,False,True,True,True,True,,No error,No error,,No error,False
Carmen,2021-07-29 10:19:57.794000+00:00,2021-07-29 12:19:57.794000+02:00,2021-07-29,12,day,True,False,VID00000057,Watched Demo video 057,Demo video 057,Watched,English,https://www.youtube.com/watch?v=VID00000057,Demo channel 149,https://www.youtube.com/channel/UCDEMOCHANNEL00000149,UCDEMOCHANNEL00000149,,,,,Demo channel 149,UCDEMOCHANNEL00000149,,,,,,,False,False,True,False,,,,,,,,,,,error,metadata_error,False,True,,,True,True,False,True,ERROR: Unable to download video subtitles for 'en': HTTP Error 429: Too Many Requests,ERROR: Unable to download video subtitles for 'en': HTTP Error 429: Too Many Requests,access management,N,Not problematic,False
Carmen,2021-05-05 22:27:39.435000+00:00,2021-05-06 00:27:39.435000+02:00,2021-05-06,0,night,False,True,VID00000070,Watched Demo video 070,Demo video 070,Watched,English,https://www.youtube.com/watch?v=VID00000070,Demo channel 178,https://www.youtube.com/channel/UCDEMOCHANNEL00000178,UCDEMOCHANNEL00000178,Demo video 070,Demo channel 178,Demo channel 178,UCDEMOCHANNEL00000178,Demo channel 178,UCDEMOCHANNEL00000178,2312.0,1.78,1920.0,1080.0,1920x1080,30.0,True,False,True,False,70104.0,1002.0,173.0,6656.0,20200226,1582675200.0,https://www.youtube.com/watch?v=VID00000070,"[""Demo category""]","[""demo tag 056""]",en,ok,ok,False,True,,False,True,True,True,True,,No error,No error,,No error,False
Carmen,2021-01-12 21:13:03.355000+00:00,2021-01-12 22:13:03.355000+01:00,2021-01-12,22,day,True,False,VID00000303,Watched Demo video 303,Demo video 303,Watched,English,https://www.youtube.com/watch?v=VID00000303,Demo channel 102,https://www.youtube.com/channel/UCDEMOCHANNEL00000102,UCDEMOCHANNEL00000102,Demo video 303,Demo channel 102,Demo channel 102,UCDEMOCHANNEL00000102,Demo channel 102,UCDEMOCHANNEL00000102,2179.0,1.78,1920.0,1080.0,1920x1080,30.0,True,False,True,False,305798.0,4249.0,746.0,25947.0,20200904,1599177600.0,https://www.youtube.com/watch?v=VID00000303,"[""Demo category""]","[""demo tag 247""]",en,ok,ok,False,True,,False,True,True,True,True,,No error,No error,,No error,False
Carmen,2020-12-01 10:28:35.902000+00:00,2020-12-01 11:28:35.902000+01:00,2020-12-01,11,day,True,False,VID00000154,Watched Demo video 154,Demo video 154,Watched,English,https://www.youtube.com/watch?v=VID00000154,Demo channel 157,https://www.youtube.com/channel/UCDEMOCHANNEL00000157,UCDEMOCHANNEL00000157,Demo video 154,Demo channel 157,Demo channel 157,UCDEMOCHANNEL00000157,Demo channel 157,UCDEMOCHANNEL00000157,1302.0,1.78,1920.0,1080.0,1920x1080,30.0,True,False,True,False,156484.0,2192.0,383.0,13726.0,20200506,1588723200.0,https://www.youtube.com/watch?v=VID00000154,"[""Demo category""]","[""demo tag 126""]",en,ok,ok,False,True,,False,True,True,True,True,,No error,No error,,No error,False
Carmen,2020-10-27 08:41:02.068000+00:00,2020-10-27 09:41:02.068000+01:00,2020-10-27,9,day,True,False,VID00000141,Watched Demo video 141,Demo video 141,Watched,English,https://www.youtube.com/watch?v=VID00000141,Demo channel 022,https://www.youtube.com/channel/UCDEMOCHANNEL00000022,UCDEMOCHANNEL00000022,Demo video 141,Demo channel 022,Demo channel 022,UCDEMOCHANNEL00000022,Demo channel 022,UCDEMOCHANNEL00000022,895.0,1.78,1920.0,1080.0,1920x1080,30.0,True,False,True,False,142910.0,2005.0,350.0,12615.0,20200425,1587772800.0,https://www.youtube.com/watch?v=VID00000141,"[""Demo category""]","[""demo tag 115""]",en,ok,ok,False,True,,False,True,True,True,True,,No error,No error,,No error,False
Carmen,2020-08-24 12:45:29.993000+00:00,2020-08-24 14:45:29.993000+02:00,2020-08-24,14,day,True,False,VID00000170,Watched Demo video 170,Demo video 170,Watched,English,https://www.youtube.com/watch?v=VID00000170,Demo channel 024,https://www.youtube.com/channel/UCDEMOCHANNEL00000024,UCDEMOCHANNEL00000024,Demo video 170,Demo channel 024,Demo channel 024,UCDEMOCHANNEL00000024,Demo channel 024,UCDEMOCHANNEL00000024,1857.0,1.78,1920.0,1080.0,1920x1080,30.0,True,False,True,False,174994.0,2447.0,428.0,15241.0,20200521,1590019200.0,https://www.youtube.com/watch?v=VID00000170,"[""Demo category""]","[""demo tag 141""]",en,ok,ok,False,True,,False,True,True,True,True,,No error,No error,,No error,False
Carmen,2020-05-22 10:56:27.743000+00:00,2020-05-22 12:56:27.743000+02:00,2020-05-22,12,day,True,False,VID00000293,Watched Demo video 293,Demo video 293,Watched,English,https://www.youtube.com/watch?v=VID00000293,Demo channel 110,https://www.youtube.com/channel/UCDEMOCHANNEL00000110,UCDEMOCHANNEL00000110,Demo video 293,Demo channel 110,Demo channel 110,UCDEMOCHANNEL00000110,Demo channel 110,UCDEMOCHANNEL00000110,1920.0,1.78,1920.0,1080.0,1920x1080,30.0,True,False,True,False,297160.0,4130.0,725.0,25240.0,20200828,1598572800.0,https://www.youtube.com/watch?v=VID00000293,"[""Demo category""]","[""demo tag 240""]",en,ok,ok,False,True,,False,True,True,True,True,,No error,No error,,No error,False
Carmen,2020-03-29 18:20:31.312000+00:00,2020-03-29 20:20:31.312000+02:00,2020-03-29,20,day,True,False,VID00000206,Watched Demo video 206,Demo video 206,Watched,English,https://www.youtube.com/watch?v=VID00000206,Demo channel 064,https://www.youtube.com/channel/UCDEMOCHANNEL00000064,UCDEMOCHANNEL00000064,Demo video 206,Demo channel 064,Demo channel 064,UCDEMOCHANNEL00000064,Demo channel 064,UCDEMOCHANNEL00000064,2856.0,1.78,1920.0,1080.0,1920x1080,30.0,True,False,True,False,208312.0,2906.0,509.0,17968.0,20200617,1592352000.0,https://www.youtube.com/watch?v=VID00000206,"[""Demo category""]","[""demo tag 168""]",en,ok,ok,True,True,49.0,False,True,True,True,True,,No error,No error,,No error,False
Carmen,2020-03-23 11:09:01.794000+00:00,2020-03-23 12:09:01.794000+01:00,2020-03-23,12,day,True,False,VID00000183,Watched Demo video 183,Demo video 183,Watched,English,https://www.youtube.com/watch?v=VID00000183,Demo channel 033,https://www.youtube.com/channel/UCDEMOCHANNEL00000033,UCDEMOCHANNEL00000033,Demo video 183,Demo channel 033,Demo channel 033,UCDEMOCHANNEL00000033,Demo channel 033,UCDEMOCHANNEL00000033,2153.0,1.78,1920.0,1080.0,1920x1080,30.0,True,False,True,False,184866.0,2583.0,452.0,16049.0,20200529,1590710400.0,https://www.youtube.com/watch?v=VID00000183,"[""Demo category""]","[""demo tag 149""]",en,ok,ok,False,True,,False,True,True,True,True,,No error,No error,,No error,False
Carmen,2020-03-21 19:44:03.387000+00:00,2020-03-21 20:44:03.387000+01:00,2020-03-21,20,day,True,False,VID00000274,Watched Demo video 274,Demo video 274,Watched,English,https://www.youtube.com/watch?v=VID00000274,Demo channel 146,https://www.youtube.com/channel/UCDEMOCHANNEL00000146,UCDEMOCHANNEL00000146,,,,,Demo channel 146,UCDEMOCHANNEL00000146,,,,,,,False,False,True,False,,,,,,,,,,,error,metadata_error,False,True,,,True,True,False,True,ERROR: Unable to download video subtitles for 'en': HTTP Error 429: Too Many Requests,ERROR: Unable to download video subtitles for 'en': HTTP Error 429: Too Many Requests,access management,N,Not problematic,False
Carmen,2019-10-02 13:24:12.568000+00:00,2019-10-02 15:24:12.568000+02:00,2019-10-02,15,day,True,False,VID00000257,Watched Demo video 257,Demo video 257,Watched,English,https://www.youtube.com/watch?v=VID00000257,Demo channel 049,https://www.youtube.com/channel/UCDEMOCHANNEL00000049,UCDEMOCHANNEL00000049,,,,,Demo channel 049,UCDEMOCHANNEL00000049,,,,,,,False,False,True,False,,,,,,,,,,,error,metadata_error,False,True,,,True,True,False,True,ERROR: Unable to download video subtitles for 'en': HTTP Error 429: Too Many Requests,ERROR: Unable to download video subtitles for 'en': HTTP Error 429: Too Many Requests,access management,N,Not problematic,False
Carmen,2019-08-11 21:07:37.440000+00:00,2019-08-11 23:07:37.440000+02:00,2019-08-11,23,day,True,False,VID00000299,Watched Demo video 299,Demo video 299,Watched,English,https://www.youtube.com/watch?v=VID00000299,,,,,,,,,,,,,,,,False,False,True,False,,,,,,,,,,,error,metadata_error,False,True,,,True,True,False,False,ERROR: [youtube] VID00000299: Private video. Sign in if you've been granted access to this video. Use --cookies-from-browser or --cookies for the authentication. See  https://github.com/yt-dlp/yt-dlp/wiki/FAQ#how-do-i-pass-cookies-to-yt-dlp  for how to manually pass cookies. Also see  https://github.com/yt-dlp/yt-dlp/wiki/Extractors#exporting-youtube-cookies  for tips on effectively exporting YouTube cookies,Private video. Sign in if you've been granted access to this video. Use --cookies-from-browser or --cookies for the authentication. See  https://github.com/yt-dlp/yt-dlp/wiki/FAQ#how-do-i-pass-cookies-to-yt-dlp  for how to manually pass cookies. Also see  https://github.com/yt-dlp/yt-dlp/wiki/Extractors#exporting-youtube-cookies  for tips on effectively exporting YouTube cookies,access management,N,Not problematic,False
Carmen,2019-07-20 12:41:59.130000+00:00,2019-07-20 14:41:59.130000+02:00,2019-07-20,14,day,True,False,VID00000036,Watched Demo video 036,Demo video 036,Watched,English,https://www.youtube.com/watch?v=VID00000036,Demo channel 169,https://www.youtube.com/channel/UCDEMOCHANNEL00000169,UCDEMOCHANNEL00000169,,,,,Demo channel 169,UCDEMOCHANNEL00000169,,,,,,,False,False,True,False,,,,,,,,,,,error,metadata_error,False,True,,,True,True,False,True,ERROR: Unable to download video subtitles for 'en': HTTP Error 429: Too Many Requests,ERROR: Unable to download video subtitles for 'en': HTTP Error 429: Too Many Requests,access management,N,Not problematic,False
Carmen,2019-07-10 22:21:24.181000+00:00,2019-07-11 00:21:24.181000+02:00,2019-07-11,0,night,False,True,VID00000267,Watched Demo video 267,Demo video 267,Watched,English,https://www.youtube.com/watch?v=VID00000267,Demo channel 070,https://www.youtube.com/channel/UCDEMOCHANNEL00000070,UCDEMOCHANNEL00000070,Demo video 267,Demo channel 070,Demo channel 070,UCDEMOCHANNEL00000070,Demo channel 070,UCDEMOCHANNEL00000070,1180.0,1.78,1920.0,1080.0,1920x1080,30.0,True,False,True,False,272480.0,3790.0,665.0,23220.0,20200808,1596844800.0,https://www.youtube.com/watch?v=VID00000267,"[""Demo category""]","[""demo tag 220""]",en,ok,ok,False,True,,False,True,True,True,True,,No error,No error,,No error,False
Carmen,2019-05-25 08:26:03.088000+00:00,2019-05-25 10:26:03.088000+02:00,2019-05-25,10,day,True,False,VID00000220,Watched Demo video 220,Demo video 220,Watched,English,https://www.youtube.com/watch?v=VID00000220,,,,,,,,,,,,,,,,False,False,True,False,,,,,,,,,,,error,metadata_error,True,True,25.0,,True,True,False,False,ERROR: [youtube] VID00000220: Video unavailable. This video is no longer available because the YouTube account associated with this video has been terminated.,Video unavailable. This video is no longer available because the YouTube account associated with this video has been terminated.,removed - account terminated,Y,Problematic,True
Carmen,2019-03-16 20:27:45.203000+00:00,2019-03-16 21:27:45.203000+01:00,2019-03-16,21,day,True,False,VID00000087,Watched Demo video 087,Demo video 087,Watched,English,https://www.youtube.com/watch?v=VID00000087,Demo channel 169,https://www.youtube.com/channel/UCDEMOCHANNEL00000169,UCDEMOCHANNEL00000169,,,,,Demo channel 169,UCDEMOCHANNEL00000169,,,,,,,False,False,True,False,,,,,,,,,,,error,metadata_error,False,True,,,True,True,False,True,ERROR: Unable to download video subtitles for 'en': HTTP Error 429: Too Many Requests,ERROR: Unable to download video subtitles for 'en': HTTP Error 429: Too Many Requests,access management,N,Not problematic,False
Carmen,2019-03-13 11:14:44.144000+00:00,2019-03-13 12:14:44.144000+01:00,2019-03-13,12,day,True,False,VID00000114,Watched Demo video 114,Demo video 114,Watched,English,https://www.youtube.com/watch?v=VID00000114,Demo channel 063,https://www.youtube.com/channel/UCDEMOCHANNEL00000063,UCDEMOCHANNEL00000063,Demo video 114,Demo channel 063,Demo channel 063,UCDEMOCHANNEL00000063,Demo channel 063,UCDEMOCHANNEL00000063,3718.0,1.78,1920.0,1080.0,1920x1080,30.0,True,False,True,False,116996.0,1648.0,287.0,10494.0,20200404,1585958400.0,https://www.youtube.com/watch?v=VID00000114,"[""Demo category""]","[""demo tag 094""]",en,ok,ok,False,True,,False,True,True,True,True,,No error,No error,,No error,False
Carmen,2019-02-20 11:10:54.237000+00:00,2019-02-20 12:10:54.237000+01:00,2019-02-20,12,day,True,False,VID00000040,Watched Demo video 040,Demo video 040,Watched,English,https://www.youtube.com/watch?v=VID00000040,Demo channel 180,https://www.youtube.com/channel/UCDEMOCHANNEL00000180,UCDEMOCHANNEL00000180,Demo video 040,Demo channel 180,Demo channel 180,UCDEMOCHANNEL00000180,Demo channel 180,UCDEMOCHANNEL00000180,1535.0,1.78,1920.0,1080.0,1920x1080,30.0,True,False,True,False,44190.0,645.0,110.0,4535.0,20200205,1580860800.0,https://www.youtube.com/watch?v=VID00000040,"[""Demo category""]","[""demo tag 035""]",en,ok,ok,False,True,,False,True,True,True,True,,No error,No error,,No error,False
Carmen,2019-02-20 11:08:00.042000+00:00,2019-02-20 12:08:00.042000+01:00,2019-02-20,12,day,True,False,VID00000258,Watched Demo video 258,Demo video 258,Watched,English,https://www.youtube.com/watch?v=VID00000258,Demo channel 090,https://www.youtube.com/channel/UCDEMOCHANNEL00000090,UCDEMOCHANNEL00000090,,,,,Demo channel 090,UCDEMOCHANNEL00000090,,,,,,,False,False,True,False,,,,,,,,,,,error,metadata_error,False,True,,,True,True,False,True,ERROR: Unable to download video subtitles for 'en': HTTP Error 429: Too Many Requests,ERROR: Unable to download video subtitles for 'en': HTTP Error 429: Too Many Requests,access management,N,Not problematic,False
Carmen,2019-02-20 11:03:30.123000+00:00,2019-02-20 12:03:30.123000+01:00,2019-02-20,12,day,True,False,VID00000177,Watched Demo video 177,Demo video 177,Watched,English,https://www.youtube.com/watch?v=VID00000177,Demo channel 061,https://www.youtube.com/channel/UCDEMOCHANNEL00000061,UCDEMOCHANNEL00000061,,,,,Demo channel 061,UCDEMOCHANNEL00000061,,,,,,,False,False,True,False,,,,,,,,,,,error,metadata_error,True,True,21.0,,True,True,False,True,ERROR: Unable to download video subtitles for 'en': HTTP Error 429: Too Many Requests,ERROR: Unable to download video subtitles for 'en': HTTP Error 429: Too Many Requests,access management,N,Not problematic,False
Carmen,2018-10-31 14:07:11.811000+00:00,2018-10-31 15:07:11.811000+01:00,2018-10-31,15,day,True,False,VID00000240,Watched Demo video 240,Demo video 240,Watched,English,https://www.youtube.com/watch?v=VID00000240,Demo channel 026,https://www.youtube.com/channel/UCDEMOCHANNEL00000026,UCDEMOCHANNEL00000026,Demo video 240,Demo channel 026,Demo channel 026,UCDEMOCHANNEL00000026,Demo channel 026,UCDEMOCHANNEL00000026,3818.0,1.78,1920.0,1080.0,1920x1080,30.0,True,False,True,False,240396.0,3348.0,587.0,20594.0,20200713,1594598400.0,https://www.youtube.com/watch?v=VID00000240,"[""Demo category""]","[""demo tag 194""]",en,ok,ok,False,True,,False,True,True,True,True,,No error,No error,,No error,False
Carmen,2018-10-06 15:04:45.213000+00:00,2018-10-06 17:04:45.213000+02:00,2018-10-06,17,day,True,False,VID00000149,Watched Demo video 149,Demo video 149,Watched,English,https://www.youtube.com/watch?v=VID00000149,Demo channel 176,https://www.youtube.com/channel/UCDEMOCHANNEL00000176,UCDEMOCHANNEL00000176,Demo video 149,Demo channel 176,Demo channel 176,UCDEMOCHANNEL00000176,Demo channel 176,UCDEMOCHANNEL00000176,1154.0,1.78,1920.0,1080.0,1920x1080,30.0,True,False,True,False,151548.0,2124.0,371.0,13322.0,20200502,1588377600.0,https://www.youtube.com/watch?v=VID00000149,"[""Demo category""]","[""demo tag 122""]",en,ok,ok,False,True,,False,True,True,True,True,,No error,No error,,No error,False
Carmen,2018-02-25 19:14:20.258000+00:00,2018-02-25 20:14:20.258000+01:00,2018-02-25,20,day,True,False,VID00000041,Watched Demo video 041,Demo video 041,Watched,English,https://www.youtube.com/watch?v=VID00000041,,,,,,,,,,,,,,,,False,False,True,False,,,,,,,,,,,error,metadata_error,False,True,,,True,True,False,False,ERROR: [youtube] VID00000041: Video unavailable. This video is no longer available due to a copyright claim by Vipassana Research Institute,Video unavailable. This video is no longer available due to a copyright claim,removed - copyright claim,Platform external legal action,Removed due to external legal rights,False
Carmen,2018-01-16 17:44:33.304000+00:00,2018-01-16 18:44:33.304000+01:00,2018-01-16,18,day,True,False,VID00000029,Watched Demo video 029,Demo video 029,Watched,English,https://www.youtube.com/watch?v=VID00000029,,,,,,,,,,,,,,,,False,False,True,False,,,,,,,,,,,error,metadata_error,True,True,11.0,,True,True,False,False,ERROR: [youtube] VID00000029: Video unavailable. This video is no longer available due to a copyright claim by Hueber Verlag GmbH & Co. KG,Video unavailable. This video is no longer available due to a copyright claim,removed - copyright claim,Platform external legal action,Removed due to external legal rights,False
Carmen,2017-10-02 04:47:51.446000+00:00,2017-10-02 06:47:51.446000+02:00,2017-10-02,6,day,True,False,VID00000046,Watched Demo video 046,Demo video 046,Watched,English,https://www.youtube.com/watch?v=VID00000046,Demo channel 135,https://www.youtube.com/channel/UCDEMOCHANNEL00000135,UCDEMOCHANNEL00000135,Demo video 046,Demo channel 135,Demo channel 135,UCDEMOCHANNEL00000135,Demo channel 135,UCDEMOCHANNEL00000135,1720.0,1.78,1920.0,1080.0,1920x1080,30.0,True,False,True,False,50360.0,730.0,125.0,5040.0,20200210,1581292800.0,https://www.youtube.com/watch?v=VID00000046,"[""Demo category""]","[""demo tag 040""]",en,ok,ok,False,True,,False,True,True,True,True,,No error,No error,,No error,False
Carmen,2017-05-01 22:43:12.535000+00:00,2017-05-02 00:43:12.535000+02:00,2017-05-02,0,night,False,True,VID00000139,Watched Demo video 139,Demo video 139,Watched,English,https://www.youtube.com/watch?v=VID00000139,Demo channel 147,https://www.youtube.com/channel/UCDEMOCHANNEL00000147,UCDEMOCHANNEL00000147,,,,,Demo channel 147,UCDEMOCHANNEL00000147,,,,,,,False,False,True,False,,,,,,,,,,,error,metadata_error,False,True,,,True,True,False,True,ERROR: Unable to download video subtitles for 'en': HTTP Error 429: Too Many Requests,ERROR: Unable to download video subtitles for 'en': HTTP Error 429: Too Many Requests,access management,N,Not problematic,False
Carmen,2016-07-26 12:02:16.747000+00:00,2016-07-26 14:02:16.747000+02:00,2016-07-26,14,day,True,False,VID00000224,Watched Demo video 224,Demo video 224,Watched,English,https://www.youtube.com/watch?v=VID00000224,Demo channel 034,https://www.youtube.com/channel/UCDEMOCHANNEL00000034,UCDEMOCHANNEL00000034,Demo video 224,Demo channel 034,Demo channel 034,UCDEMOCHANNEL00000034,Demo channel 034,UCDEMOCHANNEL00000034,3300.0,1.78,1920.0,1080.0,1920x1080,30.0,True,False,True,False,223120.0,3110.0,545.0,19180.0,20200629,1593388800.0,https://www.youtube.com/watch?v=VID00000224,"[""Demo category""]","[""demo tag 180""]",en,ok,ok,True,True,35.0,False,True,True,True,True,,No error,No error,,No error,False
Carmen,2016-02-21 14:11:20.898000+00:00,2016-02-21 15:11:20.898000+01:00,2016-02-21,15,day,True,False,VID00000075,Watched Demo video 075,Demo video 075,Watched,English,https://www.youtube.com/watch?v=VID00000075,Demo channel 130,https://www.youtube.com/channel/UCDEMOCHANNEL00000130,UCDEMOCHANNEL00000130,Demo video 075,Demo channel 130,Demo channel 130,UCDEMOCHANNEL00000130,Demo channel 130,UCDEMOCHANNEL00000130,2460.0,1.78,1920.0,1080.0,1920x1080,30.0,True,False,True,False,75040.0,1070.0,185.0,7060.0,20200301,1583020800.0,https://www.youtube.com/watch?v=VID00000075,"[""Demo category""]","[""demo tag 060""]",en,ok,ok,True,True,21.0,False,True,True,True,True,,No error,No error,,No error,False
Carmen,2016-01-15 10:39:10.682000+00:00,2016-01-15 11:39:10.682000+01:00,2016-01-15,11,day,True,False,VID00000221,Watched Demo video 221,Demo video 221,Watched,English,https://www.youtube.com/watch?v=VID00000221,Demo channel 089,https://www.youtube.com/channel/UCDEMOCHANNEL00000089,UCDEMOCHANNEL00000089,Demo video 221,Demo channel 089,Demo channel 089,UCDEMOCHANNEL00000089,Demo channel 089,UCDEMOCHANNEL00000089,3226.0,1.78,1920.0,1080.0,1920x1080,30.0,True,False,True,False,220652.0,3076.0,539.0,18978.0,20200627,1593216000.0,https://www.youtube.com/watch?v=VID00000221,"[""Demo category""]","[""demo tag 178""]",en,ok,ok,False,True,,False,True,True,True,True,,No error,No error,,No error,False
Carmen,2015-12-04 11:49:21.309000+00:00,2015-12-04 12:49:21.309000+01:00,2015-12-04,12,day,True,False,VID00000101,Watched Demo video 101,Demo video 101,Watched,English,https://www.youtube.com/watch?v=VID00000101,Demo channel 085,https://www.youtube.com/channel/UCDEMOCHANNEL00000085,UCDEMOCHANNEL00000085,Demo video 101,Demo channel 085,Demo channel 085,UCDEMOCHANNEL00000085,Demo channel 085,UCDEMOCHANNEL00000085,3348.0,1.78,1920.0,1080.0,1920x1080,30.0,True,False,True,False,104656.0,1478.0,257.0,9484.0,20200325,1585094400.0,https://www.youtube.com/watch?v=VID00000101,"[""Demo category""]","[""demo tag 084""]",en,ok,ok,False,True,,False,True,True,True,True,,No error,No error,,No error,False
Carmen,2015-11-10 10:22:50.496000+00:00,2015-11-10 11:22:50.496000+01:00,2015-11-10,11,day,True,False,VID00000194,Watched Demo video 194,Demo video 194,Watched,English,https://www.youtube.com/watch?v=VID00000194,Demo channel 100,https://www.youtube.com/channel/UCDEMOCHANNEL00000100,UCDEMOCHANNEL00000100,Demo video 194,Demo channel 100,Demo channel 100,UCDEMOCHANNEL00000100,Demo channel 100,UCDEMOCHANNEL00000100,2523.0,1.78,1920.0,1080.0,1920x1080,30.0,True,False,True,False,197206.0,2753.0,482.0,17059.0,20200608,1591574400.0,https://www.youtube.com/watch?v=VID00000194,"[""Demo category""]","[""demo tag 159""]",en,ok,ok,False,True,,False,True,True,True,True,,No error,No error,,No error,False
Carmen,2015-09-06 02:12:35.723000+00:00,2015-09-06 04:12:35.723000+02:00,2015-09-06,4,night,False,True,VID00000223,Watched Demo video 223,Demo video 223,Watched,English,https://www.youtube.com/watch?v=VID00000223,Demo channel 005,https://www.youtube.com/channel/UCDEMOCHANNEL00000005,UCDEMOCHANNEL00000005,Demo video 223,Demo channel 005,Demo channel 005,UCDEMOCHANNEL00000005,Demo channel 005,UCDEMOCHANNEL00000005,3263.0,1.78,1920.0,1080.0,1920x1080,30.0,True,False,True,False,221886.0,3093.0,542.0,19079.0,20200628,1593302400.0,https://www.youtube.com/watch?v=VID00000223,"[""Demo category""]","[""demo tag 179""]",en,ok,ok,False,True,,False,True,True,True,True,,No error,No error,,No error,False
Carmen,2015-08-27 11:31:37.539000+00:00,2015-08-27 13:31:37.539000+02:00,2015-08-27,13,day,True,False,VID00000093,Watched Demo video 093,Demo video 093,Watched,English,https://www.youtube.com/watch?v=VID00000093,Demo channel 104,https://www.youtube.com/channel/UCDEMOCHANNEL00000104,UCDEMOCHANNEL00000104,Demo video 093,Demo channel 104,Demo channel 104,UCDEMOCHANNEL00000104,Demo channel 104,UCDEMOCHANNEL00000104,3089.0,1.78,1920.0,1080.0,1920x1080,30.0,True,False,True,False,96018.0,1359.0,236.0,8777.0,20200318,1584489600.0,https://www.youtube.com/watch?v=VID00000093,"[""Demo category""]","[""demo tag 077""]",en,ok,ok,False,True,,False,True,True,True,True,,No error,No error,,No error,False
Carmen,2015-08-27 10:50:21.741000+00:00,2015-08-27 12:50:21.741000+02:00,2015-08-27,12,day,True,False,VID00000147,Watched Demo video 147,Demo video 147,Watched,English,https://www.youtube.com/watch?v=VID00000147,Demo channel 011,https://www.youtube.com/channel/UCDEMOCHANNEL00000011,UCDEMOCHANNEL00000011,Demo video 147,Demo channel 011,Demo channel 011,UCDEMOCHANNEL00000011,Demo channel 011,UCDEMOCHANNEL00000011,1080.0,1.78,1920.0,1080.0,1920x1080,30.0,True,False,True,False,149080.0,2090.0,365.0,13120.0,20200430,1588204800.0,https://www.youtube.com/watch?v=VID00000147,"[""Demo category""]","[""demo tag 120""]",en,ok,ok,False,True,,False,True,True,True,True,,No error,No error,,No error,False
Carmen,2015-08-26 02:01:39.168000+00:00,2015-08-26 04:01:39.168000+02:00,2015-08-26,4,night,False,True,VID00000099,Watched Demo video 099,Demo video 099,Watched,English,https://www.youtube.com/watch?v=VID00000099,Demo channel 104,https://www.youtube.com/channel/UCDEMOCHANNEL00000104,UCDEMOCHANNEL00000104,Demo video 099,Demo channel 104,Demo channel 104,UCDEMOCHANNEL00000104,Demo channel 104,UCDEMOCHANNEL00000104,3274.0,1.78,1920.0,1080.0,1920x1080,30.0,True,False,True,False,102188.0,1444.0,251.0,9282.0,20200323,1584921600.0,https://www.youtube.com/watch?v=VID00000099,"[""Demo category""]","[""demo tag 082""]",en,ok,ok,False,True,,False,True,True,True,True,,No error,No error,,No error,False
Carmen,2015-08-22 23:09:02.583000+00:00,2015-08-23 01:09:02.583000+02:00,2015-08-23,1,night,False,True,VID00000260,Watched Demo video 260,Demo video 260,Watched,English,https://www.youtube.com/watch?v=VID00000260,Demo channel 011,https://www.youtube.com/channel/UCDEMOCHANNEL00000011,UCDEMOCHANNEL00000011,Demo video 260,Demo channel 011,Demo channel 011,UCDEMOCHANNEL00000011,Demo channel 011,UCDEMOCHANNEL00000011,958.0,1.78,1920.0,1080.0,1920x1080,30.0,True,False,True,False,265076.0,3688.0,647.0,22614.0,20200802,1596326400.0,https://www.youtube.com/watch?v=VID00000260,"[""Demo category""]","[""demo tag 214""]",en,ok,ok,True,True,39.0,False,True,True,True,True,,No error,No error,,No error,False
Carmen,2015-08-19 23:45:15.491000+00:00,2015-08-20 01:45:15.491000+02:00,2015-08-20,1,night,False,True,VID00000060,Watched Demo video 060,Demo video 060,Watched,English,https://www.youtube.com/watch?v=VID00000060,Demo channel 011,https://www.youtube.com/channel/UCDEMOCHANNEL00000011,UCDEMOCHANNEL00000011,Demo video 060,Demo channel 011,Demo channel 011,UCDEMOCHANNEL00000011,Demo channel 011,UCDEMOCHANNEL00000011,2127.0,1.78,1920.0,1080.0,1920x1080,30.0,True,False,True,False,63934.0,917.0,158.0,6151.0,20200221,1582243200.0,https://www.youtube.com/watch?v=VID00000060,"[""Demo category""]","[""demo tag 051""]",en,ok,ok,False,True,,False,True,True,True,True,,No error,No error,,No error,False
Carmen,2015-08-19 13:26:43.795000+00:00,2015-08-19 15:26:43.795000+02:00,2015-08-19,15,day,True,False,VID00000167,Watched Demo video 167,Demo video 167,Watched,English,https://www.youtube.com/watch?v=VID00000167,Demo channel 130,https://www.youtube.com/channel/UCDEMOCHANNEL00000130,UCDEMOCHANNEL00000130,Demo video 167,Demo channel 130,Demo channel 130,UCDEMOCHANNEL00000130,Demo channel 130,UCDEMOCHANNEL00000130,1783.0,1.78,1920.0,1080.0,1920x1080,30.0,True,False,True,False,172526.0,2413.0,422.0,15039.0,20200519,1589846400.0,https://www.youtube.com/watch?v=VID00000167,"[""Demo category""]","[""demo tag 139""]",en,ok,ok,False,True,,False,True,True,True,True,,No error,No error,,No error,False
Carmen,2015-08-15 19:20:57.988000+00:00,2015-08-15 21:20:57.988000+02:00,2015-08-15,21,day,True,False,VID00000102,Watched Demo video 102,Demo video 102,Watched,English,https://www.youtube.com/watch?v=VID00000102,Demo channel 052,https://www.youtube.com/channel/UCDEMOCHANNEL00000052,UCDEMOCHANNEL00000052,Demo video 102,Demo channel 052,Demo channel 052,UCDEMOCHANNEL00000052,Demo channel 052,UCDEMOCHANNEL00000052,3385.0,1.78,1920.0,1080.0,1920x1080,30.0,True,False,True,False,105890.0,1495.0,260.0,9585.0,20200326,1585180800.0,https://www.youtube.com/watch?v=VID00000102,"[""Demo category""]","[""demo tag 085""]",en,ok,ok,False,True,,False,True,True,True,True,,No error,No error,,No error,False
Carmen,2015-08-14 22:44:02.298000+00:00,2015-08-15 00:44:02.298000+02:00,2015-08-15,0,night,False,True,VID00000148,Watched Demo video 148,Demo video 148,Watched,English,https://www.youtube.com/watch?v=VID00000148,Demo channel 017,https://www.youtube.com/channel/UCDEMOCHANNEL00000017,UCDEMOCHANNEL00000017,Demo video 148,Demo channel 017,Demo channel 017,UCDEMOCHANNEL00000017,Demo channel 017,UCDEMOCHANNEL00000017,1117.0,1.78,1920.0,1080.0,1920x1080,30.0,True,False,True,False,150314.0,2107.0,368.0,13221.0,20200501,1588291200.0,https://www.youtube.com/watch?v=VID00000148,"[""Demo category""]","[""demo tag 121""]",en,ok,ok,False,True,,False,True,True,True,True,,No error,No error,,No error,False
Carmen,2015-08-11 12:08:24.190000+00:00,2015-08-11 14:08:24.190000+02:00,2015-08-11,14,day,True,False,VID00000067,Watched Demo video 067,Demo video 067,Watched,English,https://www.youtube.com/watch?v=VID00000067,Demo channel 054,https://www.youtube.com/channel/UCDEMOCHANNEL00000054,UCDEMOCHANNEL00000054,,,,,Demo channel 054,UCDEMOCHANNEL00000054,,,,,,,False,False,True,False,,,,,,,,,,,error,metadata_error,True,True,9.0,,True,True,False,True,ERROR: Unable to download video subtitles for 'en': HTTP Error 429: Too Many Requests,ERROR: Unable to download video subtitles for 'en': HTTP Error 429: Too Many Requests,access management,N,Not problematic,False
Carmen,2015-08-11 10:32:36.594000+00:00,2015-08-11 12:32:36.594000+02:00,2015-08-11,12,day,True,False,VID00000252,Watched Demo video 252,Demo video 252,Watched,English,https://www.youtube.com/watch?v=VID00000252,Demo channel 062,https://www.youtube.com/channel/UCDEMOCHANNEL00000062,UCDEMOCHANNEL00000062,Demo video 252,Demo channel 062,Demo channel 062,UCDEMOCHANNEL00000062,Demo channel 062,UCDEMOCHANNEL00000062,662.0,1.78,1920.0,1080.0,1920x1080,30.0,True,False,True,False,255204.0,3552.0,623.0,21806.0,20200725,1595635200.0,https://www.youtube.com/watch?v=VID00000252,"[""Demo category""]","[""demo tag 206""]",en,ok,ok,False,True,,False,True,True,True,True,,No error,No error,,No error,False
Carmen,2015-08-08 14:28:40.073000+00:00,2015-08-08 16:28:40.073000+02:00,2015-08-08,16,day,True,False,VID00000102,Watched Demo video 102,Demo video 102,Watched,English,https://www.youtube.com/watch?v=VID00000102,Demo channel 052,https://www.youtube.com/channel/UCDEMOCHANNEL00000052,UCDEMOCHANNEL00000052,Demo video 102,Demo channel 052,Demo channel 052,UCDEMOCHANNEL00000052,Demo channel 052,UCDEMOCHANNEL00000052,3385.0,1.78,1920.0,1080.0,1920x1080,30.0,True,False,True,False,105890.0,1495.0,260.0,9585.0,20200326,1585180800.0,https://www.youtube.com/watch?v=VID00000102,"[""Demo category""]","[""demo tag 085""]",en,ok,ok,False,True,,False,True,True,True,True,,No error,No error,,No error,False
Carmen,2015-08-07 15:10:43.920000+00:00,2015-08-07 17:10:43.920000+02:00,2015-08-07,17,day,True,False,VID00000050,Watched Demo video 050,Demo video 050,Watched,English,https://www.youtube.com/watch?v=VID00000050,Demo channel 038,https://www.youtube.com/channel/UCDEMOCHANNEL00000038,UCDEMOCHANNEL00000038,Demo video 050,Demo channel 038,Demo channel 038,UCDEMOCHANNEL00000038,Demo channel 038,UCDEMOCHANNEL00000038,1831.0,1.78,1920.0,1080.0,1920x1080,30.0,True,False,True,False,54062.0,781.0,134.0,5343.0,20200213,1581552000.0,https://www.youtube.com/watch?v=VID00000050,"[""Demo category""]","[""demo tag 043""]",en,ok,ok,False,True,,False,True,True,True,True,,No error,No error,,No error,False
Carmen,2015-08-06 16:39:40.340000+00:00,2015-08-06 18:39:40.340000+02:00,2015-08-06,18,day,True,False,VID00000024,Watched Demo video 024,Demo video 024,Watched,English,https://www.youtube.com/watch?v=VID00000024,Demo channel 011,https://www.youtube.com/channel/UCDEMOCHANNEL00000011,UCDEMOCHANNEL00000011,Demo video 024,Demo channel 011,Demo channel 011,UCDEMOCHANNEL00000011,Demo channel 011,UCDEMOCHANNEL00000011,1091.0,1.78,1920.0,1080.0,1920x1080,30.0,True,False,True,False,29382.0,441.0,74.0,3323.0,20200124,1579824000.0,https://www.youtube.com/watch?v=VID00000024,"[""Demo category""]","[""demo tag 023""]",en,ok,ok,True,True,47.0,False,True,True,True,True,,No error,No error,,No error,False
Carmen,2015-08-04 15:04:55.626000+00:00,2015-08-04 17:04:55.626000+02:00,2015-08-04,17,day,True,False,VID00000190,Watched Demo video 190,Demo video 190,Watched,English,https://www.youtube.com/watch?v=VID00000190,Demo channel 128,https://www.youtube.com/channel/UCDEMOCHANNEL00000128,UCDEMOCHANNEL00000128,Demo video 190,Demo channel 128,Demo channel 128,UCDEMOCHANNEL00000128,Demo channel 128,UCDEMOCHANNEL00000128,2375.0,1.78,1920.0,1080.0,1920x1080,30.0,True,False,True,False,192270.0,2685.0,470.0,16655.0,20200604,1591228800.0,https://www.youtube.com/watch?v=VID00000190,"[""Demo category""]","[""demo tag 155""]",en,ok,ok,False,True,,False,True,True,True,True,,No error,No error,,No error,False
Carmen,2015-07-20 21:36:29.863000+00:00,2015-07-20 23:36:29.863000+02:00,2015-07-20,23,day,True,False,VID00000255,Watched Demo video 255,Demo video 255,Watched,English,https://www.youtube.com/watch?v=VID00000255,Demo channel 112,https://www.youtube.com/channel/UCDEMOCHANNEL00000112,UCDEMOCHANNEL00000112,Demo video 255,Demo channel 112,Demo channel 112,UCDEMOCHANNEL00000112,Demo channel 112,UCDEMOCHANNEL00000112,773.0,1.78,1920.0,1080.0,1920x1080,30.0,True,False,True,False,258906.0,3603.0,632.0,22109.0,20200728,1595894400.0,https://www.youtube.com/watch?v=VID00000255,"[""Demo category""]","[""demo tag 209""]",en,ok,ok,False,True,,False,True,True,True,True,,No error,No error,,No error,False
Carmen,2015-07-17 12:14:24.332000+00:00,2015-07-17 14:14:24.332000+02:00,2015-07-17,14,day,True,False,VID00000241,Watched Demo video 241,Demo video 241,Watched,English,https://www.youtube.com/watch?v=VID00000241,Demo channel 101,https://www.youtube.com/channel/UCDEMOCHANNEL00000101,UCDEMOCHANNEL00000101,Demo video 241,Demo channel 101,Demo channel 101,UCDEMOCHANNEL00000101,Demo channel 101,UCDEMOCHANNEL00000101,255.0,1.78,1920.0,1080.0,1920x1080,30.0,True,False,True,False,241630.0,3365.0,590.0,20695.0,20200714,1594684800.0,https://www.youtube.com/watch?v=VID00000241,"[""Demo category""]","[""demo tag 195""]",en,ok,ok,False,True,,False,True,True,True,True,,No error,No error,,No error,False
Carmen,2015-07-15 14:40:33.794000+00:00,2015-07-15 16:40:33.794000+02:00,2015-07-15,16,day,True,False,VID00000283,Watched Demo video 283,Demo video 283,Watched,English,https://www.youtube.com/watch?v=VID00000283,Demo channel 153,https://www.youtube.com/channel/UCDEMOCHANNEL00000153,UCDEMOCHANNEL00000153,Demo video 283,Demo channel 153,Demo channel 153,UCDEMOCHANNEL00000153,Demo channel 153,UCDEMOCHANNEL00000153,1550.0,1.78,1920.0,1080.0,1920x1080,30.0,True,False,True,False,284820.0,3960.0,695.0,24230.0,20200818,1597708800.0,https://www.youtube.com/watch?v=VID00000283,"[""Demo category""]","[""demo tag 230""]",en,ok,ok,True,True,27.0,False,True,True,True,True,,No error,No error,,No error,False
Carmen,2015-07-08 13:44:51.025000+00:00,2015-07-08 15:44:51.025000+02:00,2015-07-08,15,day,True,False,VID00000265,Watched Demo video 265,Demo video 265,Watched,English,https://www.youtube.com/watch?v=VID00000265,Demo channel 114,https://www.youtube.com/channel/UCDEMOCHANNEL00000114,UCDEMOCHANNEL00000114,Demo video 265,Demo channel 114,Demo channel 114,UCDEMOCHANNEL00000114,Demo channel 114,UCDEMOCHANNEL00000114,1143.0,1.78,1920.0,1080.0,1920x1080,30.0,True,False,True,False,271246.0,3773.0,662.0,23119.0,20200807,1596758400.0,https://www.youtube.com/watch?v=VID00000265,"[""Demo category""]","[""demo tag 219""]",en,ok,ok,False,True,,False,True,True,True,True,,No error,No error,,No error,False
Carmen,2015-07-06 01:03:06.638000+00:00,2015-07-06 03:03:06.638000+02:00,2015-07-06,3,night,False,True,VID00000161,Watched Demo video 161,Demo video 161,Watched,English,https://www.youtube.com/watch?v=VID00000161,,,,,,,,,,,,,,,,False,False,True,False,,,,,,,,,,,error,metadata_error,True,True,21.0,,True,True,False,False,ERROR: [youtube] VID00000161: Video unavailable,Video unavailable,unavailable,N,Not problematic,False
Carmen,2015-06-27 00:04:22.477000+00:00,2015-06-27 02:04:22.477000+02:00,2015-06-27,2,night,False,True,VID00000105,Watched Demo video 105,Demo video 105,Watched,English,https://www.youtube.com/watch?v=VID00000105,Demo channel 170,https://www.youtube.com/channel/UCDEMOCHANNEL00000170,UCDEMOCHANNEL00000170,Demo video 105,Demo channel 170,Demo channel 170,UCDEMOCHANNEL00000170,Demo channel 170,UCDEMOCHANNEL00000170,3459.0,1.78,1920.0,1080.0,1920x1080,30.0,True,False,True,False,108358.0,1529.0,266.0,9787.0,20200328,1585353600.0,https://www.youtube.com/watch?v=VID00000105,"[""Demo category""]","[""demo tag 087""]",en,ok,ok,False,True,,False,True,True,True,True,,No error,No error,,No error,False
Carmen,2015-06-09 17:51:51.847000+00:00,2015-06-09 19:51:51.847000+02:00,2015-06-09,19,day,True,False,VID00000086,Watched Demo video 086,Demo video 086,Watched,English,https://www.youtube.com/watch?v=VID00000086,,,,,,,,,,,,,,,,False,False,True,False,,,,,,,,,,,error,metadata_error,False,True,,,True,True,False,False,ERROR: [youtube] VID00000086: Private video. Sign in if you've been granted access to this video. Use --cookies-from-browser or --cookies for the authentication. See  https://github.com/yt-dlp/yt-dlp/wiki/FAQ#how-do-i-pass-cookies-to-yt-dlp  for how to manually pass cookies. Also see  https://github.com/yt-dlp/yt-dlp/wiki/Extractors#exporting-youtube-cookies  for tips on effectively exporting YouTube cookies,Private video. Sign in if you've been granted access to this video. Use --cookies-from-browser or --cookies for the authentication. See  https://github.com/yt-dlp/yt-dlp/wiki/FAQ#how-do-i-pass-cookies-to-yt-dlp  for how to manually pass cookies. Also see  https://github.com/yt-dlp/yt-dlp/wiki/Extractors#exporting-youtube-cookies  for tips on effectively exporting YouTube cookies,access management,N,Not problematic,False
Carmen,2015-06-09 16:52:37.566000+00:00,2015-06-09 18:52:37.566000+02:00,2015-06-09,18,day,True,False,VID00000115,Watched Demo video 115,Demo video 115,Watched,English,https://www.youtube.com/watch?v=VID00000115,Demo channel 078,https://www.youtube.com/channel/UCDEMOCHANNEL00000078,UCDEMOCHANNEL00000078,Demo video 115,Demo channel 078,Demo channel 078,UCDEMOCHANNEL00000078,Demo channel 078,UCDEMOCHANNEL00000078,3755.0,1.78,1920.0,1080.0,1920x1080,30.0,True,False,True,False,118230.0,1665.0,290.0,10595.0,20200405,1586044800.0,https://www.youtube.com/watch?v=VID00000115,"[""Demo category""]","[""demo tag 095""]",en,ok,ok,True,True,53.0,False,True,True,True,True,,No error,No error,,No error,False
Carmen,2015-06-04 22:54:08.614000+00:00,2015-06-05 00:54:08.614000+02:00,2015-06-05,0,night,False,True,VID00000256,Watched Demo video 256,Demo video 256,Watched,English,https://www.youtube.com/watch?v=VID00000256,Demo channel 059,https://www.youtube.com/channel/UCDEMOCHANNEL00000059,UCDEMOCHANNEL00000059,Demo video 256,Demo channel 059,Demo channel 059,UCDEMOCHANNEL00000059,Demo channel 059,UCDEMOCHANNEL00000059,810.0,1.78,1920.0,1080.0,1920x1080,30.0,True,False,True,False,260140.0,3620.0,635.0,22210.0,20200729,1595980800.0,https://www.youtube.com/watch?v=VID00000256,"[""Demo category""]","[""demo tag 210""]",en,ok,ok,False,True,,False,True,True,True,True,,No error,No error,,No error,False
Carmen,2015-06-04 20:22:17.079000+00:00,2015-06-04 22:22:17.079000+02:00,2015-06-04,22,day,True,False,VID00000228,Watched Demo video 228,Demo video 228,Watched,English,https://www.youtube.com/watch?v=VID00000228,Demo channel 077,https://www.youtube.com/channel/UCDEMOCHANNEL00000077,UCDEMOCHANNEL00000077,Demo video 228,Demo channel 077,Demo channel 077,UCDEMOCHANNEL00000077,Demo channel 077,UCDEMOCHANNEL00000077,3448.0,1.78,1920.0,1080.0,1920x1080,30.0,True,False,True,False,228056.0,3178.0,557.0,19584.0,20200703,1593734400.0,https://www.youtube.com/watch?v=VID00000228,"[""Demo category""]","[""demo tag 184""]",en,ok,ok,False,True,,False,True,True,True,True,,No error,No error,,No error,False
Carmen,2015-05-28 17:28:18.375000+00:00,2015-05-28 19:28:18.375000+02:00,2015-05-28,19,day,True,False,VID00000304,Watched Demo video 304,Demo video 304,Watched,English,https://www.youtube.com/watch?v=VID00000304,Demo channel 032,https://www.youtube.com/channel/UCDEMOCHANNEL00000032,UCDEMOCHANNEL00000032,Demo video 304,Demo channel 032,Demo channel 032,UCDEMOCHANNEL00000032,Demo channel 032,UCDEMOCHANNEL00000032,2216.0,1.78,1920.0,1080.0,1920x1080,30.0,True,False,True,False,307032.0,4266.0,749.0,26048.0,20200905,1599264000.0,https://www.youtube.com/watch?v=VID00000304,"[""Demo category""]","[""demo tag 248""]",en,ok,ok,True,True,18.0,False,True,True,True,True,,No error,No error,,No error,False
Carmen,2015-05-10 18:40:57.123000+00:00,2015-05-10 20:40:57.123000+02:00,2015-05-10,20,day,True,False,VID00000106,Watched Demo video 106,Demo video 106,Watched,English,https://www.youtube.com/watch?v=VID00000106,Demo channel 173,https://www.youtube.com/channel/UCDEMOCHANNEL00000173,UCDEMOCHANNEL00000173,Demo video 106,Demo channel 173,Demo channel 173,UCDEMOCHANNEL00000173,Demo channel 173,UCDEMOCHANNEL00000173,3496.0,1.78,1920.0,1080.0,1920x1080,30.0,True,False,True,False,109592.0,1546.0,269.0,9888.0,20200329,1585440000.0,https://www.youtube.com/watch?v=VID00000106,"[""Demo category""]","[""demo tag 088""]",en,ok,ok,False,True,,False,True,True,True,True,,No error,No error,,No error,False
Carmen,2015-05-09 12:03:11.792000+00:00,2015-05-09 14:03:11.792000+02:00,2015-05-09,14,day,True,False,VID00000229,Watched Demo video 229,Demo video 229,Watched,English,https://www.youtube.com/watch?v=VID00000229,Demo channel 156,https://www.youtube.com/channel/UCDEMOCHANNEL00000156,UCDEMOCHANNEL00000156,Demo video 229,Demo channel 156,Demo channel 156,UCDEMOCHANNEL00000156,Demo channel 156,UCDEMOCHANNEL00000156,3485.0,1.78,1920.0,1080.0,1920x1080,30.0,True,False,True,False,229290.0,3195.0,560.0,19685.0,20200704,1593820800.0,https://www.youtube.com/watch?v=VID00000229,"[""Demo category""]","[""demo tag 185""]",en,ok,ok,False,True,,False,True,True,True,True,,No error,No error,,No error,False
Carmen,2015-04-21 23:02:47.723000+00:00,2015-04-22 01:02:47.723000+02:00,2015-04-22,1,night,False,True,VID00000291,Watched Demo video 291,Demo video 291,Watched,English,https://www.youtube.com/watch?v=VID00000291,Demo channel 158,https://www.youtube.com/channel/UCDEMOCHANNEL00000158,UCDEMOCHANNEL00000158,Demo video 291,Demo channel 158,Demo channel 158,UCDEMOCHANNEL00000158,Demo channel 158,UCDEMOCHANNEL00000158,1846.0,1.78,1920.0,1080.0,1920x1080,30.0,True,False,True,False,294692.0,4096.0,719.0,25038.0,20200826,1598400000.0,https://www.youtube.com/watch?v=VID00000291,"[""Demo category""]","[""demo tag 238""]",en,ok,ok,False,True,,False,True,True,True,True,,No error,No error,,No error,False
Carmen,2015-04-21 18:07:13.208000+00:00,2015-04-21 20:07:13.208000+02:00,2015-04-21,20,day,True,False,VID00000143,Watched Demo video 143,Demo video 143,Watched,English,https://www.youtube.com/watch?v=VID00000143,Demo channel 031,https://www.youtube.com/channel/UCDEMOCHANNEL00000031,UCDEMOCHANNEL00000031,Demo video 143,Demo channel 031,Demo channel 031,UCDEMOCHANNEL00000031,Demo channel 031,UCDEMOCHANNEL00000031,969.0,1.78,1920.0,1080.0,1920x1080,30.0,True,False,True,False,145378.0,2039.0,356.0,12817.0,20200427,1587945600.0,https://www.youtube.com/watch?v=VID00000143,"[""Demo category""]","[""demo tag 117""]",en,ok,ok,False,True,,False,True,True,True,True,,No error,No error,,No error,False
Carmen,2015-04-12 19:19:46.701000+00:00,2015-04-12 21:19:46.701000+02:00,2015-04-12,21,day,True,False,VID00000229,Watched Demo video 229,Demo video 229,Watched,English,https://www.youtube.com/watch?v=VID00000229,Demo channel 156,https://www.youtube.com/channel/UCDEMOCHANNEL00000156,UCDEMOCHANNEL00000156,Demo video 229,Demo channel 156,Demo channel 156,UCDEMOCHANNEL00000156,Demo channel 156,UCDEMOCHANNEL00000156,3485.0,1.78,1920.0,1080.0,1920x1080,30.0,True,False,True,False,229290.0,3195.0,560.0,19685.0,20200704,1593820800.0,https://www.youtube.com/watch?v=VID00000229,"[""Demo category""]","[""demo tag 185""]",en,ok,ok,False,True,,False,True,True,True,True,,No error,No error,,No error,False
Carmen,2015-04-07 09:06:00.632000+00:00,2015-04-07 11:06:00.632000+02:00,2015-04-07,11,day,True,False,VID00000164,Watched Demo video 164,Demo video 164,Watched,English,https://www.youtube.com/watch?v=VID00000164,Demo channel 021,https://www.youtube.com/channel/UCDEMOCHANNEL00000021,UCDEMOCHANNEL00000021,Demo video 164,Demo channel 021,Demo channel 021,UCDEMOCHANNEL00000021,Demo channel 021,UCDEMOCHANNEL00000021,1672.0,1.78,1920.0,1080.0,1920x1080,30.0,True,False,True,False,168824.0,2362.0,413.0,14736.0,20200516,1589587200.0,https://www.youtube.com/watch?v=VID00000164,"[""Demo category""]","[""demo tag 136""]",en,ok,ok,False,True,,False,True,True,True,True,,No error,No error,,No error,False
